timestamp, utilization.gpu [%], utilization.memory [%], power.draw [W], memory.used [MiB]
2026/02/15 19:54:58.934, 2 %, 0 %, 30.00 W, 534 MiB
2026/02/15 19:55:00.936, 99 %, 28 %, 70.24 W, 1067 MiB
2026/02/15 19:55:02.937, 99 %, 28 %, 87.81 W, 1069 MiB
2026/02/15 19:55:04.937, 99 %, 28 %, 87.88 W, 1070 MiB
2026/02/15 19:55:06.937, 99 %, 30 %, 87.81 W, 1070 MiB
2026/02/15 19:55:08.937, 99 %, 29 %, 87.79 W, 1067 MiB
2026/02/15 19:55:10.938, 99 %, 29 %, 87.67 W, 1057 MiB
2026/02/15 19:55:12.938, 99 %, 29 %, 87.76 W, 1056 MiB
2026/02/15 19:55:14.938, 99 %, 28 %, 87.84 W, 1056 MiB
2026/02/15 19:55:16.938, 99 %, 28 %, 88.00 W, 1056 MiB
2026/02/15 19:55:18.938, 99 %, 28 %, 88.21 W, 1065 MiB
2026/02/15 19:55:20.939, 99 %, 29 %, 88.36 W, 1061 MiB
2026/02/15 19:55:22.939, 99 %, 29 %, 88.47 W, 1063 MiB
2026/02/15 19:55:24.939, 99 %, 31 %, 88.40 W, 1060 MiB
2026/02/15 19:55:26.939, 99 %, 29 %, 88.39 W, 1065 MiB
2026/02/15 19:55:28.940, 99 %, 29 %, 88.25 W, 1062 MiB
2026/02/15 19:55:30.940, 99 %, 28 %, 88.31 W, 1063 MiB
2026/02/15 19:55:32.940, 99 %, 28 %, 88.39 W, 1059 MiB
2026/02/15 19:55:34.940, 99 %, 28 %, 88.57 W, 1061 MiB
2026/02/15 19:55:36.940, 99 %, 28 %, 89.48 W, 1060 MiB
2026/02/15 19:55:38.941, 99 %, 28 %, 89.19 W, 1056 MiB
2026/02/15 19:55:40.941, 99 %, 28 %, 89.08 W, 1048 MiB
2026/02/15 19:55:42.941, 99 %, 31 %, 88.91 W, 1048 MiB
2026/02/15 19:55:44.941, 99 %, 29 %, 88.44 W, 1048 MiB
2026/02/15 19:55:46.942, 99 %, 29 %, 88.28 W, 1048 MiB
2026/02/15 19:55:48.942, 99 %, 29 %, 88.03 W, 1048 MiB
2026/02/15 19:55:50.942, 99 %, 28 %, 87.88 W, 1048 MiB
2026/02/15 19:55:52.942, 99 %, 29 %, 87.88 W, 1048 MiB
2026/02/15 19:55:54.942, 99 %, 28 %, 87.94 W, 1048 MiB
2026/02/15 19:55:56.943, 99 %, 28 %, 87.88 W, 1048 MiB
2026/02/15 19:55:58.943, 99 %, 29 %, 87.73 W, 1045 MiB
2026/02/15 19:56:00.943, 99 %, 30 %, 87.43 W, 1045 MiB
2026/02/15 19:56:02.943, 99 %, 29 %, 87.26 W, 1045 MiB
2026/02/15 19:56:04.944, 99 %, 29 %, 87.06 W, 1045 MiB
2026/02/15 19:56:06.944, 99 %, 28 %, 87.00 W, 1054 MiB
2026/02/15 19:56:08.944, 6 %, 1 %, 41.72 W, 1052 MiB
2026/02/15 19:56:10.944, 99 %, 28 %, 82.07 W, 1054 MiB
2026/02/15 19:56:12.945, 99 %, 28 %, 86.77 W, 1053 MiB
2026/02/15 19:56:14.945, 99 %, 28 %, 86.77 W, 1057 MiB
2026/02/15 19:56:16.945, 99 %, 28 %, 86.81 W, 1055 MiB
2026/02/15 19:56:18.945, 99 %, 28 %, 86.71 W, 1057 MiB
2026/02/15 19:56:20.945, 99 %, 30 %, 86.62 W, 1053 MiB
2026/02/15 19:56:22.946, 99 %, 29 %, 86.42 W, 1052 MiB
2026/02/15 19:56:24.946, 99 %, 29 %, 86.36 W, 1054 MiB
2026/02/15 19:56:26.946, 99 %, 29 %, 86.34 W, 1051 MiB
2026/02/15 19:56:28.946, 99 %, 29 %, 86.25 W, 1051 MiB
2026/02/15 19:56:30.946, 99 %, 29 %, 86.43 W, 1051 MiB
2026/02/15 19:56:32.947, 99 %, 28 %, 86.45 W, 1050 MiB
2026/02/15 19:56:34.947, 99 %, 28 %, 86.44 W, 1050 MiB
2026/02/15 19:56:36.947, 99 %, 29 %, 86.42 W, 1050 MiB
2026/02/15 19:56:38.947, 99 %, 29 %, 86.46 W, 1050 MiB
2026/02/15 19:56:40.948, 99 %, 30 %, 86.30 W, 1056 MiB
2026/02/15 19:56:42.948, 99 %, 29 %, 86.23 W, 1051 MiB
2026/02/15 19:56:44.948, 99 %, 29 %, 86.13 W, 1056 MiB
2026/02/15 19:56:46.948, 99 %, 29 %, 85.99 W, 1053 MiB
2026/02/15 19:56:48.948, 99 %, 29 %, 85.94 W, 1052 MiB
2026/02/15 19:56:50.949, 99 %, 28 %, 85.85 W, 1051 MiB
2026/02/15 19:56:52.949, 99 %, 28 %, 86.01 W, 1051 MiB
2026/02/15 19:56:54.949, 99 %, 28 %, 85.99 W, 1050 MiB
2026/02/15 19:56:56.949, 99 %, 28 %, 86.00 W, 1051 MiB
2026/02/15 19:56:58.950, 99 %, 29 %, 85.97 W, 1051 MiB
2026/02/15 19:57:00.950, 99 %, 28 %, 85.86 W, 1057 MiB
2026/02/15 19:57:02.950, 99 %, 31 %, 85.89 W, 1057 MiB
2026/02/15 19:57:04.950, 99 %, 29 %, 85.61 W, 1059 MiB
2026/02/15 19:57:06.951, 99 %, 29 %, 85.63 W, 1057 MiB
2026/02/15 19:57:08.951, 99 %, 29 %, 85.57 W, 1057 MiB
2026/02/15 19:57:10.951, 99 %, 29 %, 85.68 W, 1052 MiB
2026/02/15 19:57:12.951, 99 %, 28 %, 85.62 W, 1053 MiB
2026/02/15 19:57:14.952, 99 %, 28 %, 85.80 W, 1052 MiB
2026/02/15 19:57:16.952, 1 %, 0 %, 53.78 W, 1052 MiB
2026/02/15 19:57:18.952, 99 %, 28 %, 59.84 W, 1052 MiB
2026/02/15 19:57:20.952, 99 %, 29 %, 85.97 W, 1052 MiB
2026/02/15 19:57:22.952, 99 %, 29 %, 86.10 W, 1052 MiB
2026/02/15 19:57:24.953, 99 %, 31 %, 86.10 W, 1052 MiB
2026/02/15 19:57:26.953, 99 %, 29 %, 85.95 W, 1052 MiB
2026/02/15 19:57:28.953, 99 %, 29 %, 85.93 W, 1052 MiB
2026/02/15 19:57:30.953, 99 %, 29 %, 85.73 W, 1052 MiB
2026/02/15 19:57:32.953, 99 %, 29 %, 85.81 W, 1057 MiB
2026/02/15 19:57:34.954, 99 %, 29 %, 85.71 W, 1054 MiB
2026/02/15 19:57:36.954, 99 %, 28 %, 85.74 W, 1052 MiB
2026/02/15 19:57:38.954, 99 %, 28 %, 85.80 W, 1052 MiB
2026/02/15 19:57:40.954, 99 %, 28 %, 85.84 W, 1052 MiB
2026/02/15 19:57:42.955, 99 %, 28 %, 85.91 W, 1052 MiB
2026/02/15 19:57:44.955, 99 %, 29 %, 85.86 W, 1052 MiB
2026/02/15 19:57:46.955, 99 %, 29 %, 85.76 W, 1052 MiB
2026/02/15 19:57:48.955, 99 %, 30 %, 85.68 W, 1052 MiB
2026/02/15 19:57:50.955, 99 %, 29 %, 85.74 W, 1052 MiB
2026/02/15 19:57:52.956, 99 %, 29 %, 85.63 W, 1052 MiB
2026/02/15 19:57:54.956, 99 %, 29 %, 85.58 W, 1052 MiB
2026/02/15 19:57:56.956, 99 %, 29 %, 85.66 W, 1052 MiB
2026/02/15 19:57:58.956, 99 %, 29 %, 85.71 W, 1052 MiB
2026/02/15 19:58:00.956, 99 %, 28 %, 85.86 W, 1052 MiB
2026/02/15 19:58:02.957, 99 %, 29 %, 85.85 W, 1052 MiB
2026/02/15 19:58:04.957, 99 %, 29 %, 85.82 W, 1052 MiB
2026/02/15 19:58:06.957, 99 %, 29 %, 85.83 W, 1052 MiB
2026/02/15 19:58:08.957, 99 %, 29 %, 85.75 W, 1052 MiB
2026/02/15 19:58:10.958, 99 %, 30 %, 85.70 W, 1052 MiB
2026/02/15 19:58:12.958, 99 %, 29 %, 85.67 W, 1052 MiB
2026/02/15 19:58:14.958, 99 %, 29 %, 85.61 W, 1052 MiB
2026/02/15 19:58:16.958, 99 %, 29 %, 85.61 W, 1052 MiB
2026/02/15 19:58:18.962, 99 %, 29 %, 85.55 W, 1052 MiB
2026/02/15 19:58:20.962, 99 %, 29 %, 85.63 W, 1052 MiB
2026/02/15 19:58:22.962, 99 %, 28 %, 85.58 W, 1052 MiB
2026/02/15 19:58:24.963, 1 %, 0 %, 53.35 W, 1052 MiB
2026/02/15 19:58:26.963, 99 %, 28 %, 64.78 W, 1052 MiB
2026/02/15 19:58:28.964, 99 %, 29 %, 85.52 W, 1052 MiB
2026/02/15 19:58:30.964, 99 %, 29 %, 85.63 W, 1052 MiB
2026/02/15 19:58:32.964, 99 %, 29 %, 85.53 W, 1052 MiB
2026/02/15 19:58:34.965, 99 %, 30 %, 85.38 W, 1052 MiB
2026/02/15 19:58:36.965, 99 %, 29 %, 85.26 W, 1052 MiB
2026/02/15 19:58:38.965, 99 %, 29 %, 85.16 W, 1052 MiB
2026/02/15 19:58:40.965, 99 %, 29 %, 85.16 W, 1052 MiB
2026/02/15 19:58:42.966, 99 %, 29 %, 85.20 W, 1052 MiB
2026/02/15 19:58:44.966, 99 %, 29 %, 85.32 W, 1052 MiB
2026/02/15 19:58:46.966, 99 %, 29 %, 85.32 W, 1052 MiB
2026/02/15 19:58:48.967, 99 %, 28 %, 85.37 W, 1052 MiB
2026/02/15 19:58:50.967, 99 %, 29 %, 85.42 W, 1052 MiB
2026/02/15 19:58:52.967, 99 %, 29 %, 85.39 W, 1052 MiB
2026/02/15 19:58:54.968, 99 %, 29 %, 85.37 W, 1052 MiB
2026/02/15 19:58:56.968, 99 %, 30 %, 85.31 W, 1052 MiB
2026/02/15 19:58:58.969, 99 %, 29 %, 85.28 W, 1052 MiB
2026/02/15 19:59:00.969, 99 %, 29 %, 85.37 W, 1052 MiB
2026/02/15 19:59:02.969, 99 %, 29 %, 85.29 W, 1052 MiB
2026/02/15 19:59:04.969, 99 %, 29 %, 85.23 W, 1052 MiB
2026/02/15 19:59:06.970, 99 %, 29 %, 85.10 W, 1052 MiB
2026/02/15 19:59:08.970, 99 %, 29 %, 85.29 W, 1052 MiB
2026/02/15 19:59:10.971, 99 %, 28 %, 85.31 W, 1052 MiB
2026/02/15 19:59:12.971, 99 %, 28 %, 85.33 W, 1052 MiB
2026/02/15 19:59:14.971, 99 %, 29 %, 85.36 W, 1052 MiB
2026/02/15 19:59:16.971, 99 %, 29 %, 85.26 W, 1052 MiB
2026/02/15 19:59:18.972, 99 %, 30 %, 85.26 W, 1052 MiB
2026/02/15 19:59:20.972, 99 %, 29 %, 85.23 W, 1052 MiB
2026/02/15 19:59:22.972, 99 %, 29 %, 85.19 W, 1052 MiB
2026/02/15 19:59:24.973, 99 %, 29 %, 85.15 W, 1052 MiB
2026/02/15 19:59:26.973, 99 %, 29 %, 85.14 W, 1052 MiB
2026/02/15 19:59:28.973, 99 %, 29 %, 85.24 W, 1052 MiB
2026/02/15 19:59:30.973, 99 %, 29 %, 85.42 W, 1052 MiB
2026/02/15 19:59:32.974, 1 %, 0 %, 53.20 W, 1052 MiB
2026/02/15 19:59:34.974, 99 %, 28 %, 64.75 W, 1052 MiB
2026/02/15 19:59:36.974, 99 %, 29 %, 85.54 W, 1052 MiB
2026/02/15 19:59:38.974, 99 %, 29 %, 85.72 W, 1052 MiB
2026/02/15 19:59:40.975, 99 %, 29 %, 85.77 W, 1052 MiB
2026/02/15 19:59:42.975, 99 %, 30 %, 85.59 W, 1052 MiB
2026/02/15 19:59:44.975, 99 %, 29 %, 85.33 W, 1052 MiB
2026/02/15 19:59:46.975, 99 %, 29 %, 85.28 W, 1052 MiB
2026/02/15 19:59:48.976, 99 %, 29 %, 85.30 W, 1052 MiB
2026/02/15 19:59:50.976, 99 %, 29 %, 85.24 W, 1052 MiB
2026/02/15 19:59:52.976, 99 %, 28 %, 85.28 W, 1052 MiB
2026/02/15 19:59:54.977, 99 %, 29 %, 85.44 W, 1052 MiB
2026/02/15 19:59:56.977, 99 %, 29 %, 85.58 W, 1052 MiB
2026/02/15 19:59:58.977, 99 %, 29 %, 85.58 W, 1052 MiB
2026/02/15 20:00:00.977, 99 %, 29 %, 85.58 W, 1052 MiB
2026/02/15 20:00:02.978, 99 %, 29 %, 85.52 W, 1052 MiB
2026/02/15 20:00:04.978, 99 %, 30 %, 85.44 W, 1052 MiB
2026/02/15 20:00:06.978, 99 %, 29 %, 85.36 W, 1052 MiB
2026/02/15 20:00:08.978, 99 %, 29 %, 85.36 W, 1052 MiB
2026/02/15 20:00:10.979, 99 %, 29 %, 85.26 W, 1052 MiB
2026/02/15 20:00:12.979, 99 %, 29 %, 85.23 W, 1052 MiB
2026/02/15 20:00:14.979, 99 %, 28 %, 85.22 W, 1052 MiB
2026/02/15 20:00:16.980, 99 %, 28 %, 85.35 W, 1052 MiB
2026/02/15 20:00:18.980, 99 %, 28 %, 85.46 W, 1052 MiB
2026/02/15 20:00:20.980, 99 %, 28 %, 85.53 W, 1052 MiB
2026/02/15 20:00:22.980, 99 %, 28 %, 85.52 W, 1052 MiB
2026/02/15 20:00:24.981, 99 %, 29 %, 85.68 W, 1052 MiB
2026/02/15 20:00:26.981, 99 %, 31 %, 85.55 W, 1052 MiB
2026/02/15 20:00:28.981, 99 %, 29 %, 85.44 W, 1052 MiB
2026/02/15 20:00:30.982, 99 %, 29 %, 85.26 W, 1052 MiB
2026/02/15 20:00:32.982, 99 %, 29 %, 85.29 W, 1052 MiB
2026/02/15 20:00:34.982, 99 %, 29 %, 85.32 W, 1052 MiB
2026/02/15 20:00:36.983, 99 %, 28 %, 85.24 W, 1052 MiB
2026/02/15 20:00:38.983, 99 %, 28 %, 85.50 W, 1052 MiB
2026/02/15 20:00:40.983, 1 %, 0 %, 50.46 W, 1052 MiB
2026/02/15 20:00:42.983, 99 %, 29 %, 66.63 W, 1052 MiB
2026/02/15 20:00:44.984, 99 %, 29 %, 85.30 W, 1052 MiB
2026/02/15 20:00:46.984, 99 %, 28 %, 85.37 W, 1052 MiB
2026/02/15 20:00:48.984, 99 %, 29 %, 85.32 W, 1052 MiB
2026/02/15 20:00:50.984, 99 %, 31 %, 85.28 W, 1052 MiB
2026/02/15 20:00:52.985, 99 %, 29 %, 85.09 W, 1052 MiB
2026/02/15 20:00:54.985, 99 %, 29 %, 85.12 W, 1052 MiB
2026/02/15 20:00:56.985, 99 %, 29 %, 85.07 W, 1052 MiB
2026/02/15 20:00:58.985, 99 %, 29 %, 84.91 W, 1050 MiB
2026/02/15 20:01:00.986, 99 %, 29 %, 85.03 W, 1040 MiB
2026/02/15 20:01:02.986, 99 %, 28 %, 85.20 W, 1040 MiB
2026/02/15 20:01:04.986, 99 %, 28 %, 85.33 W, 1040 MiB
2026/02/15 20:01:06.987, 99 %, 29 %, 85.21 W, 1040 MiB
2026/02/15 20:01:08.987, 99 %, 29 %, 85.29 W, 1040 MiB
2026/02/15 20:01:10.987, 99 %, 29 %, 85.35 W, 1040 MiB
2026/02/15 20:01:12.987, 99 %, 30 %, 84.97 W, 1071 MiB
2026/02/15 20:01:14.988, 99 %, 29 %, 85.14 W, 1065 MiB
2026/02/15 20:01:16.988, 99 %, 29 %, 85.08 W, 1053 MiB
2026/02/15 20:01:18.988, 99 %, 29 %, 85.08 W, 1054 MiB
2026/02/15 20:01:20.989, 99 %, 29 %, 85.18 W, 1056 MiB
2026/02/15 20:01:22.989, 99 %, 28 %, 85.10 W, 1055 MiB
2026/02/15 20:01:24.989, 99 %, 29 %, 85.25 W, 1054 MiB
2026/02/15 20:01:26.989, 99 %, 29 %, 85.30 W, 1053 MiB
2026/02/15 20:01:28.989, 99 %, 28 %, 85.14 W, 1058 MiB
2026/02/15 20:01:30.990, 99 %, 29 %, 85.29 W, 1052 MiB
2026/02/15 20:01:32.990, 99 %, 29 %, 85.04 W, 1069 MiB
2026/02/15 20:01:34.990, 99 %, 30 %, 85.11 W, 1069 MiB
2026/02/15 20:01:36.990, 99 %, 29 %, 84.96 W, 1070 MiB
2026/02/15 20:01:38.991, 99 %, 29 %, 85.03 W, 1063 MiB
2026/02/15 20:01:40.991, 99 %, 29 %, 84.94 W, 1062 MiB
2026/02/15 20:01:42.991, 99 %, 29 %, 84.93 W, 1061 MiB
2026/02/15 20:01:44.991, 99 %, 29 %, 85.12 W, 1061 MiB
2026/02/15 20:01:46.992, 99 %, 28 %, 85.21 W, 1061 MiB
2026/02/15 20:01:48.992, 1 %, 0 %, 55.60 W, 1061 MiB
2026/02/15 20:01:50.992, 99 %, 29 %, 64.09 W, 1061 MiB
2026/02/15 20:01:52.993, 99 %, 28 %, 85.40 W, 1061 MiB
2026/02/15 20:01:54.993, 99 %, 29 %, 85.41 W, 1061 MiB
2026/02/15 20:01:56.993, 99 %, 30 %, 85.41 W, 1061 MiB
2026/02/15 20:01:58.994, 99 %, 30 %, 85.43 W, 1061 MiB
2026/02/15 20:02:00.994, 99 %, 29 %, 85.14 W, 1061 MiB
2026/02/15 20:02:02.994, 99 %, 29 %, 85.11 W, 1061 MiB
2026/02/15 20:02:04.995, 99 %, 29 %, 85.12 W, 1061 MiB
2026/02/15 20:02:06.995, 99 %, 29 %, 85.11 W, 1061 MiB
2026/02/15 20:02:08.995, 99 %, 29 %, 85.20 W, 1061 MiB
2026/02/15 20:02:10.995, 99 %, 28 %, 85.35 W, 1061 MiB
2026/02/15 20:02:12.996, 99 %, 28 %, 85.35 W, 1061 MiB
2026/02/15 20:02:14.996, 99 %, 28 %, 85.30 W, 1061 MiB
2026/02/15 20:02:16.996, 99 %, 29 %, 85.43 W, 1061 MiB
2026/02/15 20:02:18.997, 99 %, 29 %, 85.46 W, 1061 MiB
2026/02/15 20:02:20.997, 99 %, 31 %, 85.48 W, 1061 MiB
2026/02/15 20:02:22.997, 99 %, 29 %, 85.26 W, 1061 MiB
2026/02/15 20:02:24.997, 99 %, 29 %, 85.21 W, 1061 MiB
2026/02/15 20:02:26.998, 99 %, 29 %, 85.18 W, 1061 MiB
2026/02/15 20:02:28.998, 99 %, 29 %, 85.25 W, 1061 MiB
2026/02/15 20:02:30.998, 99 %, 28 %, 85.19 W, 1072 MiB
2026/02/15 20:02:32.998, 99 %, 28 %, 85.33 W, 1075 MiB
2026/02/15 20:02:34.999, 99 %, 28 %, 85.35 W, 1073 MiB
2026/02/15 20:02:36.999, 99 %, 29 %, 85.48 W, 1069 MiB
2026/02/15 20:02:38.999, 99 %, 28 %, 85.53 W, 1066 MiB
2026/02/15 20:02:41.000, 99 %, 29 %, 85.42 W, 1066 MiB
2026/02/15 20:02:43.000, 99 %, 30 %, 85.37 W, 1066 MiB
2026/02/15 20:02:45.000, 99 %, 29 %, 85.15 W, 1069 MiB
2026/02/15 20:02:47.000, 99 %, 29 %, 85.12 W, 1065 MiB
2026/02/15 20:02:49.001, 99 %, 28 %, 84.97 W, 1063 MiB
2026/02/15 20:02:51.001, 99 %, 28 %, 85.00 W, 1065 MiB
2026/02/15 20:02:53.001, 99 %, 28 %, 85.31 W, 1060 MiB
2026/02/15 20:02:55.001, 99 %, 28 %, 85.24 W, 1055 MiB
2026/02/15 20:02:57.002, 6 %, 1 %, 68.15 W, 1055 MiB
2026/02/15 20:02:59.002, 99 %, 28 %, 52.15 W, 1055 MiB
2026/02/15 20:03:01.002, 99 %, 29 %, 85.03 W, 1055 MiB
2026/02/15 20:03:03.003, 99 %, 29 %, 84.95 W, 1055 MiB
2026/02/15 20:03:05.003, 99 %, 29 %, 84.93 W, 1055 MiB
2026/02/15 20:03:07.003, 99 %, 29 %, 84.89 W, 1055 MiB
2026/02/15 20:03:09.003, 99 %, 28 %, 84.87 W, 1055 MiB
2026/02/15 20:03:11.004, 99 %, 28 %, 84.86 W, 1055 MiB
2026/02/15 20:03:13.004, 99 %, 28 %, 84.85 W, 1055 MiB
2026/02/15 20:03:15.004, 99 %, 28 %, 84.99 W, 1055 MiB
2026/02/15 20:03:17.004, 99 %, 28 %, 85.06 W, 1055 MiB
2026/02/15 20:03:19.004, 99 %, 30 %, 85.08 W, 1055 MiB
2026/02/15 20:03:21.005, 99 %, 29 %, 84.90 W, 1055 MiB
2026/02/15 20:03:23.005, 99 %, 29 %, 84.89 W, 1055 MiB
2026/02/15 20:03:25.005, 99 %, 28 %, 84.87 W, 1055 MiB
2026/02/15 20:03:27.005, 99 %, 28 %, 84.87 W, 1055 MiB
2026/02/15 20:03:29.006, 99 %, 28 %, 84.92 W, 1055 MiB
2026/02/15 20:03:31.006, 99 %, 28 %, 85.07 W, 1055 MiB
2026/02/15 20:03:33.006, 99 %, 28 %, 85.18 W, 1055 MiB
2026/02/15 20:03:35.007, 99 %, 28 %, 85.02 W, 1055 MiB
2026/02/15 20:03:37.007, 99 %, 31 %, 85.00 W, 1055 MiB
2026/02/15 20:03:39.007, 99 %, 29 %, 84.82 W, 1055 MiB
2026/02/15 20:03:41.007, 99 %, 29 %, 84.83 W, 1055 MiB
2026/02/15 20:03:43.007, 99 %, 29 %, 84.73 W, 1055 MiB
2026/02/15 20:03:45.007, 99 %, 29 %, 84.81 W, 1055 MiB
2026/02/15 20:03:47.008, 99 %, 28 %, 84.92 W, 1055 MiB
2026/02/15 20:03:49.008, 99 %, 28 %, 85.01 W, 1055 MiB
2026/02/15 20:03:51.008, 99 %, 28 %, 85.01 W, 1055 MiB
2026/02/15 20:03:53.009, 99 %, 28 %, 85.03 W, 1055 MiB
2026/02/15 20:03:55.009, 99 %, 31 %, 85.00 W, 1055 MiB
2026/02/15 20:03:57.009, 99 %, 29 %, 84.89 W, 1055 MiB
2026/02/15 20:03:59.009, 99 %, 29 %, 84.87 W, 1055 MiB
2026/02/15 20:04:01.010, 99 %, 28 %, 84.85 W, 1055 MiB
2026/02/15 20:04:03.010, 99 %, 28 %, 84.77 W, 1055 MiB
2026/02/15 20:04:05.010, 99 %, 28 %, 84.95 W, 1055 MiB
2026/02/15 20:04:07.010, 6 %, 1 %, 56.05 W, 1055 MiB
2026/02/15 20:04:09.011, 99 %, 28 %, 61.49 W, 1055 MiB
2026/02/15 20:04:11.011, 99 %, 28 %, 85.14 W, 1055 MiB
2026/02/15 20:04:13.011, 99 %, 29 %, 85.17 W, 1055 MiB
2026/02/15 20:04:15.012, 99 %, 29 %, 85.02 W, 1055 MiB
2026/02/15 20:04:17.012, 99 %, 29 %, 84.90 W, 1055 MiB
2026/02/15 20:04:19.012, 99 %, 29 %, 84.98 W, 1055 MiB
2026/02/15 20:04:21.012, 99 %, 28 %, 84.91 W, 1055 MiB
2026/02/15 20:04:23.013, 99 %, 28 %, 84.96 W, 1055 MiB
2026/02/15 20:04:25.013, 99 %, 28 %, 85.06 W, 1055 MiB
2026/02/15 20:04:27.013, 99 %, 28 %, 85.20 W, 1055 MiB
2026/02/15 20:04:29.013, 99 %, 28 %, 85.12 W, 1055 MiB
2026/02/15 20:04:31.014, 99 %, 29 %, 85.17 W, 1055 MiB
2026/02/15 20:04:33.014, 99 %, 29 %, 85.08 W, 1055 MiB
2026/02/15 20:04:35.014, 99 %, 29 %, 84.92 W, 1055 MiB
2026/02/15 20:04:37.014, 99 %, 29 %, 84.78 W, 1055 MiB
2026/02/15 20:04:39.015, 99 %, 28 %, 84.80 W, 1055 MiB
2026/02/15 20:04:41.015, 99 %, 28 %, 84.95 W, 1055 MiB
2026/02/15 20:04:43.015, 99 %, 28 %, 84.98 W, 1055 MiB
2026/02/15 20:04:45.015, 99 %, 28 %, 84.98 W, 1055 MiB
2026/02/15 20:04:47.016, 99 %, 29 %, 85.06 W, 1055 MiB
2026/02/15 20:04:49.016, 99 %, 30 %, 85.06 W, 1055 MiB
2026/02/15 20:04:51.016, 99 %, 29 %, 85.05 W, 1055 MiB
2026/02/15 20:04:53.017, 99 %, 29 %, 85.04 W, 1055 MiB
2026/02/15 20:04:55.017, 99 %, 29 %, 85.04 W, 1055 MiB
2026/02/15 20:04:57.017, 99 %, 29 %, 84.93 W, 1055 MiB
2026/02/15 20:04:59.017, 99 %, 28 %, 84.94 W, 1055 MiB
2026/02/15 20:05:01.018, 99 %, 28 %, 85.17 W, 1055 MiB
2026/02/15 20:05:03.018, 99 %, 28 %, 85.10 W, 1055 MiB
2026/02/15 20:05:05.018, 99 %, 29 %, 85.12 W, 1055 MiB
2026/02/15 20:05:07.018, 99 %, 31 %, 85.14 W, 1055 MiB
2026/02/15 20:05:09.019, 99 %, 29 %, 85.16 W, 1055 MiB
2026/02/15 20:05:11.019, 99 %, 29 %, 85.07 W, 1055 MiB
2026/02/15 20:05:13.019, 99 %, 28 %, 85.05 W, 1055 MiB
2026/02/15 20:05:15.020, 99 %, 28 %, 85.11 W, 1055 MiB
2026/02/15 20:05:17.020, 5 %, 1 %, 44.51 W, 1055 MiB
2026/02/15 20:05:19.020, 99 %, 28 %, 72.68 W, 1055 MiB
2026/02/15 20:05:21.020, 99 %, 28 %, 85.05 W, 1055 MiB
2026/02/15 20:05:23.021, 99 %, 28 %, 85.03 W, 1055 MiB
2026/02/15 20:05:25.021, 99 %, 29 %, 85.05 W, 1055 MiB
2026/02/15 20:05:27.021, 99 %, 30 %, 84.99 W, 1055 MiB
2026/02/15 20:05:29.022, 99 %, 29 %, 84.93 W, 1055 MiB
2026/02/15 20:05:31.022, 99 %, 29 %, 84.85 W, 1055 MiB
2026/02/15 20:05:33.022, 99 %, 28 %, 84.81 W, 1055 MiB
2026/02/15 20:05:35.022, 99 %, 29 %, 84.82 W, 1055 MiB
2026/02/15 20:05:37.023, 99 %, 28 %, 84.99 W, 1055 MiB
2026/02/15 20:05:39.023, 99 %, 28 %, 85.07 W, 1055 MiB
2026/02/15 20:05:41.023, 99 %, 28 %, 84.91 W, 1055 MiB
2026/02/15 20:05:43.023, 99 %, 29 %, 84.97 W, 1055 MiB
2026/02/15 20:05:45.023, 99 %, 30 %, 84.88 W, 1055 MiB
2026/02/15 20:05:47.024, 99 %, 29 %, 84.89 W, 1055 MiB
2026/02/15 20:05:49.024, 99 %, 29 %, 84.82 W, 1055 MiB
2026/02/15 20:05:51.024, 99 %, 29 %, 84.91 W, 1055 MiB
2026/02/15 20:05:53.024, 99 %, 28 %, 84.90 W, 1055 MiB
2026/02/15 20:05:55.025, 99 %, 28 %, 85.04 W, 1055 MiB
2026/02/15 20:05:57.025, 99 %, 28 %, 85.14 W, 1055 MiB
2026/02/15 20:05:59.025, 99 %, 29 %, 85.12 W, 1049 MiB
2026/02/15 20:06:01.025, 99 %, 29 %, 85.06 W, 1049 MiB
2026/02/15 20:06:03.026, 99 %, 29 %, 84.96 W, 1049 MiB
2026/02/15 20:06:05.026, 99 %, 29 %, 84.87 W, 1049 MiB
2026/02/15 20:06:07.026, 99 %, 29 %, 84.88 W, 1049 MiB
2026/02/15 20:06:09.026, 99 %, 29 %, 84.80 W, 1049 MiB
2026/02/15 20:06:11.027, 99 %, 28 %, 84.91 W, 1049 MiB
2026/02/15 20:06:13.027, 99 %, 28 %, 85.05 W, 1049 MiB
2026/02/15 20:06:15.027, 99 %, 28 %, 85.17 W, 1049 MiB
2026/02/15 20:06:17.027, 99 %, 28 %, 85.06 W, 1049 MiB
2026/02/15 20:06:19.028, 99 %, 30 %, 85.03 W, 1049 MiB
2026/02/15 20:06:21.028, 99 %, 29 %, 84.85 W, 1049 MiB
2026/02/15 20:06:23.028, 99 %, 29 %, 84.86 W, 1049 MiB
2026/02/15 20:06:25.029, 99 %, 29 %, 84.79 W, 1049 MiB
2026/02/15 20:06:27.029, 6 %, 1 %, 39.38 W, 1049 MiB
2026/02/15 20:06:29.029, 99 %, 28 %, 84.54 W, 1049 MiB
2026/02/15 20:06:31.029, 99 %, 28 %, 85.03 W, 1049 MiB
2026/02/15 20:06:33.029, 99 %, 28 %, 85.19 W, 1049 MiB
2026/02/15 20:06:35.030, 99 %, 28 %, 85.20 W, 1049 MiB
2026/02/15 20:06:37.030, 99 %, 28 %, 85.10 W, 1049 MiB
2026/02/15 20:06:39.030, 99 %, 31 %, 85.12 W, 1049 MiB
2026/02/15 20:06:41.030, 99 %, 29 %, 84.89 W, 1049 MiB
2026/02/15 20:06:43.031, 99 %, 29 %, 84.82 W, 1049 MiB
2026/02/15 20:06:45.031, 99 %, 29 %, 84.77 W, 1049 MiB
2026/02/15 20:06:47.031, 99 %, 28 %, 84.87 W, 1049 MiB
2026/02/15 20:06:49.031, 99 %, 28 %, 85.03 W, 1049 MiB
2026/02/15 20:06:51.032, 99 %, 28 %, 85.18 W, 1049 MiB
2026/02/15 20:06:53.032, 99 %, 28 %, 85.14 W, 1049 MiB
2026/02/15 20:06:55.032, 99 %, 29 %, 85.17 W, 1049 MiB
2026/02/15 20:06:57.033, 99 %, 30 %, 85.04 W, 1049 MiB
2026/02/15 20:06:59.033, 99 %, 29 %, 85.01 W, 1049 MiB
2026/02/15 20:07:01.033, 99 %, 29 %, 84.98 W, 1049 MiB
2026/02/15 20:07:03.033, 99 %, 29 %, 84.95 W, 1049 MiB
2026/02/15 20:07:05.033, 99 %, 28 %, 84.94 W, 1049 MiB
2026/02/15 20:07:07.033, 99 %, 28 %, 85.01 W, 1049 MiB
2026/02/15 20:07:09.034, 99 %, 28 %, 85.08 W, 1049 MiB
2026/02/15 20:07:11.034, 99 %, 29 %, 85.18 W, 1049 MiB
2026/02/15 20:07:13.034, 99 %, 29 %, 85.18 W, 1049 MiB
2026/02/15 20:07:15.034, 99 %, 29 %, 85.10 W, 1049 MiB
2026/02/15 20:07:17.035, 99 %, 29 %, 85.11 W, 1049 MiB
2026/02/15 20:07:19.035, 99 %, 29 %, 85.05 W, 1049 MiB
2026/02/15 20:07:21.035, 99 %, 29 %, 85.07 W, 1049 MiB
2026/02/15 20:07:23.035, 99 %, 28 %, 85.07 W, 1049 MiB
2026/02/15 20:07:25.036, 99 %, 28 %, 85.18 W, 1049 MiB
2026/02/15 20:07:27.036, 99 %, 28 %, 85.19 W, 1049 MiB
2026/02/15 20:07:29.036, 99 %, 29 %, 85.22 W, 1049 MiB
2026/02/15 20:07:31.036, 99 %, 30 %, 85.26 W, 1049 MiB
2026/02/15 20:07:33.037, 99 %, 29 %, 85.16 W, 1049 MiB
2026/02/15 20:07:35.037, 99 %, 29 %, 84.99 W, 1049 MiB
2026/02/15 20:07:37.037, 6 %, 1 %, 39.29 W, 1049 MiB
2026/02/15 20:07:39.037, 99 %, 29 %, 84.62 W, 1049 MiB
2026/02/15 20:07:41.037, 99 %, 28 %, 84.84 W, 1049 MiB
2026/02/15 20:07:43.038, 99 %, 28 %, 85.04 W, 1049 MiB
2026/02/15 20:07:45.038, 99 %, 28 %, 85.25 W, 1049 MiB
2026/02/15 20:07:47.038, 99 %, 28 %, 85.14 W, 1049 MiB
2026/02/15 20:07:49.038, 99 %, 29 %, 85.14 W, 1062 MiB
2026/02/15 20:07:51.039, 99 %, 30 %, 84.96 W, 1058 MiB
2026/02/15 20:07:53.039, 99 %, 29 %, 84.85 W, 1057 MiB
2026/02/15 20:07:55.039, 99 %, 29 %, 84.74 W, 1060 MiB
2026/02/15 20:07:57.039, 99 %, 29 %, 84.81 W, 1062 MiB
2026/02/15 20:07:59.039, 99 %, 28 %, 84.89 W, 1059 MiB
2026/02/15 20:08:01.040, 99 %, 29 %, 84.95 W, 1056 MiB
2026/02/15 20:08:03.040, 99 %, 28 %, 85.19 W, 1055 MiB
2026/02/15 20:08:05.040, 99 %, 28 %, 85.18 W, 1055 MiB
2026/02/15 20:08:07.040, 99 %, 29 %, 85.13 W, 1055 MiB
2026/02/15 20:08:09.040, 99 %, 29 %, 85.15 W, 1055 MiB
2026/02/15 20:08:11.041, 99 %, 29 %, 85.28 W, 1055 MiB
2026/02/15 20:08:13.041, 99 %, 30 %, 85.08 W, 1055 MiB
2026/02/15 20:08:15.041, 99 %, 29 %, 84.96 W, 1055 MiB
2026/02/15 20:08:17.041, 99 %, 29 %, 84.92 W, 1055 MiB
2026/02/15 20:08:19.042, 99 %, 29 %, 84.87 W, 1055 MiB
2026/02/15 20:08:21.042, 99 %, 29 %, 84.88 W, 1055 MiB
2026/02/15 20:08:23.042, 99 %, 29 %, 84.84 W, 1055 MiB
2026/02/15 20:08:25.043, 99 %, 29 %, 85.03 W, 1055 MiB
2026/02/15 20:08:27.043, 99 %, 28 %, 85.13 W, 1055 MiB
2026/02/15 20:08:29.043, 99 %, 29 %, 85.08 W, 1055 MiB
2026/02/15 20:08:31.043, 99 %, 29 %, 85.12 W, 1055 MiB
2026/02/15 20:08:33.044, 99 %, 29 %, 85.12 W, 1055 MiB
2026/02/15 20:08:35.044, 99 %, 30 %, 85.03 W, 1055 MiB
2026/02/15 20:08:37.044, 99 %, 29 %, 85.00 W, 1055 MiB
2026/02/15 20:08:39.044, 99 %, 29 %, 84.88 W, 1055 MiB
2026/02/15 20:08:41.045, 99 %, 29 %, 84.89 W, 1055 MiB
2026/02/15 20:08:43.045, 99 %, 28 %, 84.96 W, 1055 MiB
2026/02/15 20:08:45.045, 1 %, 0 %, 37.39 W, 1055 MiB
2026/02/15 20:08:47.045, 99 %, 28 %, 76.75 W, 1055 MiB
2026/02/15 20:08:49.046, 99 %, 28 %, 85.22 W, 1055 MiB
2026/02/15 20:08:51.046, 99 %, 28 %, 85.21 W, 1055 MiB
2026/02/15 20:08:53.046, 99 %, 28 %, 85.25 W, 1055 MiB
2026/02/15 20:08:55.046, 99 %, 28 %, 85.26 W, 1055 MiB
2026/02/15 20:08:57.047, 99 %, 29 %, 85.16 W, 1055 MiB
2026/02/15 20:08:59.047, 99 %, 30 %, 85.24 W, 1055 MiB
2026/02/15 20:09:01.047, 99 %, 29 %, 85.15 W, 1055 MiB
2026/02/15 20:09:03.047, 99 %, 29 %, 85.07 W, 1055 MiB
2026/02/15 20:09:05.047, 99 %, 29 %, 85.03 W, 1055 MiB
2026/02/15 20:09:07.048, 99 %, 28 %, 85.06 W, 1055 MiB
2026/02/15 20:09:09.048, 99 %, 28 %, 84.95 W, 1055 MiB
2026/02/15 20:09:11.048, 99 %, 28 %, 85.12 W, 1055 MiB
2026/02/15 20:09:13.048, 99 %, 29 %, 85.25 W, 1055 MiB
2026/02/15 20:09:15.048, 99 %, 29 %, 85.22 W, 1055 MiB
2026/02/15 20:09:17.049, 99 %, 29 %, 85.27 W, 1055 MiB
2026/02/15 20:09:19.049, 99 %, 29 %, 85.21 W, 1055 MiB
2026/02/15 20:09:21.049, 99 %, 31 %, 85.22 W, 1055 MiB
2026/02/15 20:09:23.049, 99 %, 29 %, 85.16 W, 1055 MiB
2026/02/15 20:09:25.049, 99 %, 29 %, 85.07 W, 1055 MiB
2026/02/15 20:09:27.050, 99 %, 29 %, 85.07 W, 1055 MiB
2026/02/15 20:09:29.050, 99 %, 29 %, 84.94 W, 1055 MiB
2026/02/15 20:09:31.050, 99 %, 28 %, 85.02 W, 1055 MiB
2026/02/15 20:09:33.050, 99 %, 28 %, 85.16 W, 1055 MiB
2026/02/15 20:09:35.050, 99 %, 28 %, 85.25 W, 1055 MiB
2026/02/15 20:09:37.051, 99 %, 28 %, 85.27 W, 1055 MiB
2026/02/15 20:09:39.051, 99 %, 29 %, 85.33 W, 1055 MiB
2026/02/15 20:09:41.051, 99 %, 29 %, 85.42 W, 1055 MiB
2026/02/15 20:09:43.051, 99 %, 30 %, 85.32 W, 1055 MiB
2026/02/15 20:09:45.051, 99 %, 29 %, 85.27 W, 1055 MiB
2026/02/15 20:09:47.052, 99 %, 29 %, 85.13 W, 1055 MiB
2026/02/15 20:09:49.052, 99 %, 29 %, 85.10 W, 1055 MiB
2026/02/15 20:09:51.052, 99 %, 29 %, 85.18 W, 1055 MiB
2026/02/15 20:09:53.052, 1 %, 0 %, 37.56 W, 1055 MiB
2026/02/15 20:09:55.052, 99 %, 29 %, 76.83 W, 1055 MiB
2026/02/15 20:09:57.053, 99 %, 28 %, 85.16 W, 1055 MiB
2026/02/15 20:09:59.053, 99 %, 28 %, 85.25 W, 1055 MiB
2026/02/15 20:10:01.053, 99 %, 28 %, 85.22 W, 1055 MiB
2026/02/15 20:10:03.053, 99 %, 29 %, 85.35 W, 1055 MiB
2026/02/15 20:10:05.054, 99 %, 29 %, 85.15 W, 1055 MiB
2026/02/15 20:10:07.054, 99 %, 31 %, 85.18 W, 1055 MiB
2026/02/15 20:10:09.054, 99 %, 30 %, 85.07 W, 1055 MiB
2026/02/15 20:10:11.054, 99 %, 29 %, 85.02 W, 1055 MiB
2026/02/15 20:10:13.054, 99 %, 29 %, 84.97 W, 1055 MiB
2026/02/15 20:10:15.055, 99 %, 29 %, 84.98 W, 1055 MiB
2026/02/15 20:10:17.055, 99 %, 29 %, 85.08 W, 1055 MiB
2026/02/15 20:10:19.055, 99 %, 28 %, 85.12 W, 1055 MiB
2026/02/15 20:10:21.055, 99 %, 28 %, 85.19 W, 1055 MiB
2026/02/15 20:10:23.055, 99 %, 28 %, 85.22 W, 1055 MiB
2026/02/15 20:10:25.056, 99 %, 29 %, 85.25 W, 1055 MiB
2026/02/15 20:10:27.056, 99 %, 29 %, 85.17 W, 1055 MiB
2026/02/15 20:10:29.056, 99 %, 29 %, 85.17 W, 1058 MiB
2026/02/15 20:10:31.056, 99 %, 30 %, 84.98 W, 1063 MiB
2026/02/15 20:10:33.056, 99 %, 29 %, 84.82 W, 1069 MiB
2026/02/15 20:10:35.056, 99 %, 29 %, 84.86 W, 1064 MiB
2026/02/15 20:10:37.057, 99 %, 29 %, 84.87 W, 1061 MiB
2026/02/15 20:10:39.057, 99 %, 28 %, 84.89 W, 1054 MiB
2026/02/15 20:10:41.057, 99 %, 28 %, 84.98 W, 1054 MiB
2026/02/15 20:10:43.057, 99 %, 28 %, 85.09 W, 1054 MiB
2026/02/15 20:10:45.058, 99 %, 29 %, 85.02 W, 1054 MiB
2026/02/15 20:10:47.058, 99 %, 29 %, 85.13 W, 1054 MiB
2026/02/15 20:10:49.058, 99 %, 29 %, 84.92 W, 1054 MiB
2026/02/15 20:10:51.058, 99 %, 29 %, 84.76 W, 1054 MiB
2026/02/15 20:10:53.058, 99 %, 29 %, 84.78 W, 1054 MiB
2026/02/15 20:10:55.059, 99 %, 28 %, 84.82 W, 1054 MiB
2026/02/15 20:10:57.059, 99 %, 29 %, 85.04 W, 1054 MiB
2026/02/15 20:10:59.059, 99 %, 28 %, 85.07 W, 1042 MiB
2026/02/15 20:11:01.059, 6 %, 1 %, 56.79 W, 1042 MiB
2026/02/15 20:11:03.059, 99 %, 28 %, 60.97 W, 1041 MiB
2026/02/15 20:11:05.060, 99 %, 28 %, 85.17 W, 1038 MiB
2026/02/15 20:11:07.060, 99 %, 29 %, 85.16 W, 1038 MiB
2026/02/15 20:11:09.060, 99 %, 29 %, 85.01 W, 1038 MiB
2026/02/15 20:11:11.060, 99 %, 29 %, 84.99 W, 1038 MiB
2026/02/15 20:11:13.060, 99 %, 29 %, 84.95 W, 1038 MiB
2026/02/15 20:11:15.061, 99 %, 29 %, 84.96 W, 1038 MiB
2026/02/15 20:11:17.061, 99 %, 28 %, 85.10 W, 1042 MiB
2026/02/15 20:11:19.061, 99 %, 28 %, 85.17 W, 1065 MiB
2026/02/15 20:11:21.061, 99 %, 28 %, 85.25 W, 1064 MiB
2026/02/15 20:11:23.062, 99 %, 28 %, 85.21 W, 1054 MiB
2026/02/15 20:11:25.062, 99 %, 29 %, 85.35 W, 1049 MiB
2026/02/15 20:11:27.062, 99 %, 31 %, 85.40 W, 1052 MiB
2026/02/15 20:11:29.063, 99 %, 29 %, 85.23 W, 1051 MiB
2026/02/15 20:11:31.063, 99 %, 29 %, 85.27 W, 1047 MiB
2026/02/15 20:11:33.063, 99 %, 29 %, 85.26 W, 1045 MiB
2026/02/15 20:11:35.063, 99 %, 29 %, 85.03 W, 1062 MiB
2026/02/15 20:11:37.064, 99 %, 28 %, 85.07 W, 1064 MiB
2026/02/15 20:11:39.064, 99 %, 28 %, 85.11 W, 1070 MiB
2026/02/15 20:11:41.064, 99 %, 28 %, 85.21 W, 1057 MiB
2026/02/15 20:11:43.064, 99 %, 28 %, 85.25 W, 1044 MiB
2026/02/15 20:11:45.064, 99 %, 29 %, 85.32 W, 1044 MiB
2026/02/15 20:11:47.064, 99 %, 29 %, 85.13 W, 1044 MiB
2026/02/15 20:11:49.065, 99 %, 29 %, 84.97 W, 1044 MiB
2026/02/15 20:11:51.065, 99 %, 29 %, 85.03 W, 1044 MiB
2026/02/15 20:11:53.065, 99 %, 29 %, 85.03 W, 1044 MiB
2026/02/15 20:11:55.065, 99 %, 28 %, 85.10 W, 1044 MiB
2026/02/15 20:11:57.066, 99 %, 28 %, 85.15 W, 1044 MiB
2026/02/15 20:11:59.066, 99 %, 28 %, 85.21 W, 1044 MiB
2026/02/15 20:12:01.066, 99 %, 29 %, 85.20 W, 1044 MiB
2026/02/15 20:12:03.066, 99 %, 30 %, 85.21 W, 1044 MiB
2026/02/15 20:12:05.066, 99 %, 29 %, 85.05 W, 1044 MiB
2026/02/15 20:12:07.067, 99 %, 29 %, 84.92 W, 1044 MiB
2026/02/15 20:12:09.067, 99 %, 29 %, 84.87 W, 1044 MiB
2026/02/15 20:12:11.067, 6 %, 1 %, 39.38 W, 1044 MiB
2026/02/15 20:12:13.067, 99 %, 28 %, 84.36 W, 1054 MiB
2026/02/15 20:12:15.068, 99 %, 28 %, 84.94 W, 1050 MiB
2026/02/15 20:12:17.068, 99 %, 28 %, 84.97 W, 1050 MiB
2026/02/15 20:12:19.068, 99 %, 28 %, 85.08 W, 1045 MiB
2026/02/15 20:12:21.068, 99 %, 29 %, 85.03 W, 1045 MiB
2026/02/15 20:12:23.068, 99 %, 30 %, 84.84 W, 1045 MiB
2026/02/15 20:12:25.069, 99 %, 29 %, 84.82 W, 1045 MiB
2026/02/15 20:12:27.069, 99 %, 29 %, 84.89 W, 1045 MiB
2026/02/15 20:12:29.069, 99 %, 29 %, 84.79 W, 1045 MiB
2026/02/15 20:12:31.069, 99 %, 28 %, 84.90 W, 1045 MiB
2026/02/15 20:12:33.070, 99 %, 28 %, 84.98 W, 1045 MiB
2026/02/15 20:12:35.073, 99 %, 28 %, 85.03 W, 1045 MiB
2026/02/15 20:12:37.073, 99 %, 28 %, 85.10 W, 1045 MiB
2026/02/15 20:12:39.074, 99 %, 29 %, 85.04 W, 1045 MiB
2026/02/15 20:12:41.074, 99 %, 30 %, 84.82 W, 1045 MiB
2026/02/15 20:12:43.074, 99 %, 29 %, 84.80 W, 1045 MiB
2026/02/15 20:12:45.074, 99 %, 29 %, 84.90 W, 1045 MiB
2026/02/15 20:12:47.075, 99 %, 29 %, 84.80 W, 1045 MiB
2026/02/15 20:12:49.075, 99 %, 28 %, 84.86 W, 1045 MiB
2026/02/15 20:12:51.075, 99 %, 28 %, 85.04 W, 1045 MiB
2026/02/15 20:12:53.075, 99 %, 28 %, 85.09 W, 1045 MiB
2026/02/15 20:12:55.075, 99 %, 29 %, 84.98 W, 1045 MiB
2026/02/15 20:12:57.076, 99 %, 29 %, 84.99 W, 1045 MiB
2026/02/15 20:12:59.076, 99 %, 29 %, 84.90 W, 1045 MiB
2026/02/15 20:13:01.076, 99 %, 29 %, 84.75 W, 1045 MiB
2026/02/15 20:13:03.076, 99 %, 29 %, 84.70 W, 1045 MiB
2026/02/15 20:13:05.077, 99 %, 28 %, 84.88 W, 1045 MiB
2026/02/15 20:13:07.077, 99 %, 28 %, 84.99 W, 1045 MiB
2026/02/15 20:13:09.077, 99 %, 28 %, 85.03 W, 1045 MiB
2026/02/15 20:13:11.077, 99 %, 28 %, 85.15 W, 1045 MiB
2026/02/15 20:13:13.078, 99 %, 28 %, 85.22 W, 1045 MiB
2026/02/15 20:13:15.078, 99 %, 29 %, 85.07 W, 1045 MiB
2026/02/15 20:13:17.078, 99 %, 29 %, 84.85 W, 1045 MiB
2026/02/15 20:13:19.078, 99 %, 29 %, 85.00 W, 1045 MiB
2026/02/15 20:13:21.079, 6 %, 1 %, 39.31 W, 1046 MiB
2026/02/15 20:13:23.079, 99 %, 28 %, 84.90 W, 1045 MiB
2026/02/15 20:13:25.079, 99 %, 29 %, 85.13 W, 1045 MiB
2026/02/15 20:13:27.079, 99 %, 28 %, 85.18 W, 1045 MiB
2026/02/15 20:13:29.080, 99 %, 28 %, 85.24 W, 1045 MiB
2026/02/15 20:13:31.080, 99 %, 28 %, 85.38 W, 1045 MiB
2026/02/15 20:13:33.080, 99 %, 28 %, 85.18 W, 1045 MiB
2026/02/15 20:13:35.080, 99 %, 31 %, 85.24 W, 1045 MiB
2026/02/15 20:13:37.080, 99 %, 29 %, 85.13 W, 1045 MiB
2026/02/15 20:13:39.081, 99 %, 29 %, 85.06 W, 1045 MiB
2026/02/15 20:13:41.081, 99 %, 28 %, 85.00 W, 1045 MiB
2026/02/15 20:13:43.081, 99 %, 28 %, 85.11 W, 1045 MiB
2026/02/15 20:13:45.081, 99 %, 28 %, 85.14 W, 1045 MiB
2026/02/15 20:13:47.082, 99 %, 29 %, 85.27 W, 1045 MiB
2026/02/15 20:13:49.082, 99 %, 28 %, 85.25 W, 1045 MiB
2026/02/15 20:13:51.082, 99 %, 29 %, 85.20 W, 1045 MiB
2026/02/15 20:13:53.082, 99 %, 30 %, 85.13 W, 1045 MiB
2026/02/15 20:13:55.082, 99 %, 29 %, 85.05 W, 1045 MiB
2026/02/15 20:13:57.083, 99 %, 29 %, 84.97 W, 1045 MiB
2026/02/15 20:13:59.083, 99 %, 28 %, 85.00 W, 1045 MiB
2026/02/15 20:14:01.083, 99 %, 29 %, 84.93 W, 1045 MiB
2026/02/15 20:14:03.083, 99 %, 28 %, 85.10 W, 1045 MiB
2026/02/15 20:14:05.084, 99 %, 28 %, 85.21 W, 1045 MiB
2026/02/15 20:14:07.084, 99 %, 29 %, 85.29 W, 1045 MiB
2026/02/15 20:14:09.084, 99 %, 28 %, 85.25 W, 1045 MiB
2026/02/15 20:14:11.084, 99 %, 29 %, 85.09 W, 1045 MiB
2026/02/15 20:14:13.084, 99 %, 29 %, 85.10 W, 1045 MiB
2026/02/15 20:14:15.085, 99 %, 29 %, 85.00 W, 1045 MiB
2026/02/15 20:14:17.085, 99 %, 29 %, 85.11 W, 1045 MiB
2026/02/15 20:14:19.085, 99 %, 28 %, 85.07 W, 1045 MiB
2026/02/15 20:14:21.085, 99 %, 28 %, 85.28 W, 1045 MiB
2026/02/15 20:14:23.085, 99 %, 28 %, 85.19 W, 1045 MiB
2026/02/15 20:14:25.086, 99 %, 28 %, 85.12 W, 1045 MiB
2026/02/15 20:14:27.086, 99 %, 30 %, 85.11 W, 1045 MiB
2026/02/15 20:14:29.086, 99 %, 29 %, 84.98 W, 1046 MiB
2026/02/15 20:14:31.086, 6 %, 1 %, 39.32 W, 1042 MiB
2026/02/15 20:14:33.087, 99 %, 29 %, 84.75 W, 1042 MiB
2026/02/15 20:14:35.087, 99 %, 29 %, 84.88 W, 1042 MiB
2026/02/15 20:14:37.087, 99 %, 29 %, 84.94 W, 1042 MiB
2026/02/15 20:14:39.087, 99 %, 28 %, 85.00 W, 1042 MiB
2026/02/15 20:14:41.087, 99 %, 28 %, 85.07 W, 1042 MiB
2026/02/15 20:14:43.088, 99 %, 28 %, 85.02 W, 1042 MiB
2026/02/15 20:14:45.088, 99 %, 28 %, 85.04 W, 1042 MiB
2026/02/15 20:14:47.088, 99 %, 29 %, 85.10 W, 1042 MiB
2026/02/15 20:14:49.088, 99 %, 30 %, 84.95 W, 1042 MiB
2026/02/15 20:14:51.089, 99 %, 29 %, 84.88 W, 1042 MiB
2026/02/15 20:14:53.089, 99 %, 29 %, 84.88 W, 1042 MiB
2026/02/15 20:14:55.089, 99 %, 29 %, 84.90 W, 1042 MiB
2026/02/15 20:14:57.089, 99 %, 29 %, 84.87 W, 1042 MiB
2026/02/15 20:14:59.090, 99 %, 28 %, 84.96 W, 1042 MiB
2026/02/15 20:15:01.090, 99 %, 28 %, 85.07 W, 1042 MiB
2026/02/15 20:15:03.090, 99 %, 28 %, 85.09 W, 1042 MiB
2026/02/15 20:15:05.090, 99 %, 28 %, 85.08 W, 1042 MiB
2026/02/15 20:15:07.091, 99 %, 29 %, 85.08 W, 1042 MiB
2026/02/15 20:15:09.091, 99 %, 30 %, 84.88 W, 1042 MiB
2026/02/15 20:15:11.091, 99 %, 29 %, 84.90 W, 1042 MiB
2026/02/15 20:15:13.091, 99 %, 29 %, 84.82 W, 1042 MiB
2026/02/15 20:15:15.092, 99 %, 29 %, 84.95 W, 1042 MiB
2026/02/15 20:15:17.092, 99 %, 28 %, 84.89 W, 1042 MiB
2026/02/15 20:15:19.092, 99 %, 28 %, 84.95 W, 1042 MiB
2026/02/15 20:15:21.092, 99 %, 28 %, 85.10 W, 1042 MiB
2026/02/15 20:15:23.092, 99 %, 28 %, 85.29 W, 1042 MiB
2026/02/15 20:15:25.093, 99 %, 28 %, 85.28 W, 1042 MiB
2026/02/15 20:15:27.093, 99 %, 29 %, 85.16 W, 1042 MiB
2026/02/15 20:15:29.093, 99 %, 30 %, 85.06 W, 1042 MiB
2026/02/15 20:15:31.093, 99 %, 29 %, 84.91 W, 1042 MiB
2026/02/15 20:15:33.094, 99 %, 29 %, 84.93 W, 1042 MiB
2026/02/15 20:15:35.094, 99 %, 29 %, 84.93 W, 1042 MiB
2026/02/15 20:15:37.094, 99 %, 29 %, 84.91 W, 1042 MiB
2026/02/15 20:15:39.094, 6 %, 1 %, 39.46 W, 1042 MiB
2026/02/15 20:15:41.094, 99 %, 28 %, 82.51 W, 1028 MiB
2026/02/15 20:15:43.095, 99 %, 28 %, 84.97 W, 1028 MiB
2026/02/15 20:15:45.095, 99 %, 28 %, 84.96 W, 1028 MiB
2026/02/15 20:15:47.095, 99 %, 28 %, 85.02 W, 1028 MiB
2026/02/15 20:15:49.095, 99 %, 28 %, 84.97 W, 1028 MiB
2026/02/15 20:15:51.096, 99 %, 28 %, 84.87 W, 1028 MiB
2026/02/15 20:15:53.096, 99 %, 28 %, 84.96 W, 1028 MiB
2026/02/15 20:15:55.096, 99 %, 28 %, 85.03 W, 1028 MiB
2026/02/15 20:15:57.096, 99 %, 29 %, 85.10 W, 1028 MiB
2026/02/15 20:15:59.096, 99 %, 29 %, 84.98 W, 1022 MiB
2026/02/15 20:16:01.097, 99 %, 30 %, 84.92 W, 1022 MiB
2026/02/15 20:16:03.097, 99 %, 29 %, 84.81 W, 1022 MiB
2026/02/15 20:16:05.097, 99 %, 29 %, 84.86 W, 1022 MiB
2026/02/15 20:16:07.097, 99 %, 28 %, 84.78 W, 1022 MiB
2026/02/15 20:16:09.098, 99 %, 29 %, 84.80 W, 1022 MiB
2026/02/15 20:16:11.098, 99 %, 28 %, 84.82 W, 1022 MiB
2026/02/15 20:16:13.098, 99 %, 28 %, 84.78 W, 1022 MiB
2026/02/15 20:16:15.098, 99 %, 28 %, 84.86 W, 1022 MiB
2026/02/15 20:16:17.098, 99 %, 28 %, 84.88 W, 1022 MiB
2026/02/15 20:16:19.099, 99 %, 28 %, 84.85 W, 1022 MiB
2026/02/15 20:16:21.099, 99 %, 28 %, 85.00 W, 1022 MiB
2026/02/15 20:16:23.099, 99 %, 28 %, 85.01 W, 1022 MiB
2026/02/15 20:16:25.099, 99 %, 28 %, 84.98 W, 1022 MiB
2026/02/15 20:16:27.100, 99 %, 28 %, 85.10 W, 1022 MiB
2026/02/15 20:16:29.100, 99 %, 28 %, 85.16 W, 1022 MiB
2026/02/15 20:16:31.100, 99 %, 28 %, 85.04 W, 1022 MiB
2026/02/15 20:16:33.100, 99 %, 28 %, 85.07 W, 1022 MiB
2026/02/15 20:16:35.100, 99 %, 29 %, 84.98 W, 1022 MiB
2026/02/15 20:16:37.101, 98 %, 31 %, 84.93 W, 1022 MiB
2026/02/15 20:16:39.101, 99 %, 29 %, 84.98 W, 1022 MiB
2026/02/15 20:16:41.101, 99 %, 29 %, 84.93 W, 1022 MiB
2026/02/15 20:16:43.102, 99 %, 29 %, 84.90 W, 1022 MiB
2026/02/15 20:16:45.102, 6 %, 1 %, 39.40 W, 987 MiB
2026/02/15 20:16:47.102, 98 %, 29 %, 84.04 W, 987 MiB
2026/02/15 20:16:49.102, 98 %, 28 %, 84.16 W, 987 MiB
2026/02/15 20:16:51.102, 98 %, 28 %, 84.17 W, 987 MiB
2026/02/15 20:16:53.103, 98 %, 28 %, 84.16 W, 987 MiB
2026/02/15 20:16:55.103, 98 %, 28 %, 84.17 W, 987 MiB
2026/02/15 20:16:57.103, 98 %, 28 %, 84.03 W, 987 MiB
2026/02/15 20:16:59.103, 98 %, 28 %, 83.96 W, 987 MiB
2026/02/15 20:17:01.104, 98 %, 28 %, 83.95 W, 987 MiB
2026/02/15 20:17:03.104, 98 %, 28 %, 83.78 W, 987 MiB
2026/02/15 20:17:05.104, 98 %, 28 %, 83.74 W, 987 MiB
2026/02/15 20:17:07.104, 98 %, 28 %, 83.82 W, 987 MiB
2026/02/15 20:17:09.105, 98 %, 28 %, 83.83 W, 987 MiB
2026/02/15 20:17:11.105, 98 %, 29 %, 83.99 W, 987 MiB
2026/02/15 20:17:13.105, 98 %, 28 %, 84.06 W, 987 MiB
2026/02/15 20:17:15.105, 98 %, 28 %, 84.11 W, 987 MiB
2026/02/15 20:17:17.106, 98 %, 28 %, 84.04 W, 987 MiB
2026/02/15 20:17:19.106, 98 %, 28 %, 84.00 W, 987 MiB
2026/02/15 20:17:21.106, 98 %, 28 %, 84.06 W, 987 MiB
2026/02/15 20:17:23.106, 98 %, 28 %, 83.99 W, 987 MiB
2026/02/15 20:17:25.107, 98 %, 28 %, 83.96 W, 987 MiB
2026/02/15 20:17:27.107, 98 %, 28 %, 83.95 W, 987 MiB
2026/02/15 20:17:29.107, 98 %, 28 %, 83.84 W, 987 MiB
2026/02/15 20:17:31.107, 98 %, 28 %, 84.01 W, 987 MiB
2026/02/15 20:17:33.107, 98 %, 29 %, 84.05 W, 987 MiB
2026/02/15 20:17:35.108, 98 %, 28 %, 84.07 W, 987 MiB
2026/02/15 20:17:37.108, 98 %, 28 %, 84.08 W, 987 MiB
2026/02/15 20:17:39.108, 98 %, 28 %, 84.02 W, 987 MiB
2026/02/15 20:17:41.108, 5 %, 1 %, 56.82 W, 987 MiB
2026/02/15 20:17:43.109, 98 %, 27 %, 78.33 W, 969 MiB
2026/02/15 20:17:45.109, 98 %, 27 %, 83.70 W, 969 MiB
2026/02/15 20:17:47.109, 98 %, 28 %, 83.71 W, 969 MiB
2026/02/15 20:17:49.109, 98 %, 28 %, 83.78 W, 969 MiB
2026/02/15 20:17:51.110, 98 %, 27 %, 83.77 W, 969 MiB
2026/02/15 20:17:53.110, 98 %, 27 %, 83.68 W, 969 MiB
2026/02/15 20:17:55.110, 98 %, 27 %, 83.55 W, 969 MiB
2026/02/15 20:17:57.111, 98 %, 28 %, 83.58 W, 982 MiB
2026/02/15 20:17:59.111, 98 %, 28 %, 83.57 W, 979 MiB
2026/02/15 20:18:01.111, 98 %, 27 %, 83.71 W, 978 MiB
2026/02/15 20:18:03.111, 98 %, 27 %, 83.68 W, 975 MiB
2026/02/15 20:18:05.111, 98 %, 27 %, 83.66 W, 975 MiB
2026/02/15 20:18:07.112, 98 %, 27 %, 83.66 W, 983 MiB
2026/02/15 20:18:09.112, 98 %, 28 %, 83.80 W, 983 MiB
2026/02/15 20:18:11.112, 98 %, 27 %, 83.81 W, 977 MiB
2026/02/15 20:18:13.112, 98 %, 27 %, 83.84 W, 974 MiB
2026/02/15 20:18:15.113, 98 %, 27 %, 83.63 W, 974 MiB
2026/02/15 20:18:17.113, 98 %, 28 %, 83.70 W, 974 MiB
2026/02/15 20:18:19.113, 98 %, 28 %, 83.84 W, 974 MiB
2026/02/15 20:18:21.113, 98 %, 27 %, 83.88 W, 974 MiB
2026/02/15 20:18:23.114, 98 %, 27 %, 83.85 W, 974 MiB
2026/02/15 20:18:25.114, 98 %, 28 %, 83.81 W, 974 MiB
2026/02/15 20:18:27.114, 98 %, 28 %, 83.83 W, 974 MiB
2026/02/15 20:18:29.114, 98 %, 28 %, 83.87 W, 974 MiB
2026/02/15 20:18:31.115, 98 %, 27 %, 83.76 W, 974 MiB
2026/02/15 20:18:33.115, 1 %, 0 %, 44.83 W, 975 MiB
2026/02/15 20:18:35.115, 98 %, 27 %, 83.00 W, 961 MiB
2026/02/15 20:18:37.115, 98 %, 27 %, 83.41 W, 961 MiB
2026/02/15 20:18:39.116, 98 %, 27 %, 83.42 W, 961 MiB
2026/02/15 20:18:41.116, 98 %, 27 %, 83.22 W, 961 MiB
2026/02/15 20:18:43.116, 98 %, 27 %, 83.30 W, 961 MiB
2026/02/15 20:18:45.117, 98 %, 27 %, 83.31 W, 961 MiB
2026/02/15 20:18:47.117, 98 %, 27 %, 83.26 W, 961 MiB
2026/02/15 20:18:49.117, 98 %, 28 %, 83.29 W, 961 MiB
2026/02/15 20:18:51.118, 98 %, 27 %, 83.36 W, 961 MiB
2026/02/15 20:18:53.118, 98 %, 27 %, 83.33 W, 961 MiB
2026/02/15 20:18:55.118, 98 %, 27 %, 83.26 W, 961 MiB
2026/02/15 20:18:57.118, 98 %, 27 %, 83.30 W, 961 MiB
2026/02/15 20:18:59.119, 98 %, 27 %, 83.24 W, 961 MiB
2026/02/15 20:19:01.119, 98 %, 27 %, 83.18 W, 961 MiB
2026/02/15 20:19:03.119, 98 %, 27 %, 83.26 W, 961 MiB
2026/02/15 20:19:05.120, 98 %, 27 %, 83.20 W, 961 MiB
2026/02/15 20:19:07.120, 98 %, 27 %, 83.18 W, 961 MiB
2026/02/15 20:19:09.120, 98 %, 28 %, 83.13 W, 961 MiB
2026/02/15 20:19:11.120, 98 %, 27 %, 83.14 W, 961 MiB
2026/02/15 20:19:13.121, 98 %, 27 %, 83.12 W, 961 MiB
2026/02/15 20:19:15.121, 98 %, 27 %, 83.01 W, 961 MiB
2026/02/15 20:19:17.121, 98 %, 27 %, 83.11 W, 961 MiB
2026/02/15 20:19:19.121, 98 %, 27 %, 82.99 W, 961 MiB
2026/02/15 20:19:21.122, 1 %, 0 %, 37.31 W, 951 MiB
2026/02/15 20:19:23.122, 98 %, 27 %, 82.68 W, 951 MiB
2026/02/15 20:19:25.122, 98 %, 27 %, 82.81 W, 951 MiB
2026/02/15 20:19:27.122, 98 %, 27 %, 82.75 W, 951 MiB
2026/02/15 20:19:29.123, 98 %, 27 %, 82.78 W, 951 MiB
2026/02/15 20:19:31.123, 98 %, 27 %, 82.78 W, 951 MiB
2026/02/15 20:19:33.123, 98 %, 27 %, 82.73 W, 951 MiB
2026/02/15 20:19:35.123, 98 %, 27 %, 82.86 W, 951 MiB
2026/02/15 20:19:37.123, 98 %, 27 %, 82.79 W, 951 MiB
2026/02/15 20:19:39.124, 98 %, 27 %, 82.84 W, 951 MiB
2026/02/15 20:19:41.124, 98 %, 27 %, 82.79 W, 951 MiB
2026/02/15 20:19:43.124, 98 %, 27 %, 82.79 W, 951 MiB
2026/02/15 20:19:45.124, 98 %, 26 %, 82.86 W, 951 MiB
2026/02/15 20:19:47.124, 98 %, 27 %, 82.73 W, 951 MiB
2026/02/15 20:19:49.125, 98 %, 27 %, 82.84 W, 951 MiB
2026/02/15 20:19:51.125, 98 %, 27 %, 82.90 W, 951 MiB
2026/02/15 20:19:53.125, 98 %, 27 %, 82.81 W, 951 MiB
2026/02/15 20:19:55.125, 98 %, 27 %, 82.87 W, 951 MiB
2026/02/15 20:19:57.126, 98 %, 27 %, 82.83 W, 951 MiB
2026/02/15 20:19:59.126, 98 %, 27 %, 83.03 W, 951 MiB
2026/02/15 20:20:01.126, 98 %, 27 %, 82.99 W, 951 MiB
2026/02/15 20:20:03.126, 98 %, 27 %, 82.88 W, 951 MiB
2026/02/15 20:20:05.127, 1 %, 0 %, 65.97 W, 951 MiB
2026/02/15 20:20:07.127, 98 %, 26 %, 77.29 W, 944 MiB
2026/02/15 20:20:09.127, 98 %, 26 %, 82.68 W, 944 MiB
2026/02/15 20:20:11.128, 98 %, 26 %, 82.79 W, 944 MiB
2026/02/15 20:20:13.128, 98 %, 27 %, 82.59 W, 944 MiB
2026/02/15 20:20:15.128, 98 %, 26 %, 82.55 W, 944 MiB
2026/02/15 20:20:17.129, 98 %, 27 %, 82.54 W, 944 MiB
2026/02/15 20:20:19.129, 98 %, 26 %, 82.50 W, 944 MiB
2026/02/15 20:20:21.129, 98 %, 27 %, 82.48 W, 944 MiB
2026/02/15 20:20:23.130, 98 %, 26 %, 82.54 W, 944 MiB
2026/02/15 20:20:25.130, 98 %, 26 %, 82.61 W, 944 MiB
2026/02/15 20:20:27.133, 98 %, 26 %, 82.61 W, 944 MiB
2026/02/15 20:20:29.133, 98 %, 26 %, 82.64 W, 944 MiB
2026/02/15 20:20:31.134, 98 %, 27 %, 82.60 W, 944 MiB
2026/02/15 20:20:33.134, 98 %, 26 %, 82.55 W, 944 MiB
2026/02/15 20:20:35.135, 98 %, 27 %, 82.60 W, 944 MiB
2026/02/15 20:20:37.135, 98 %, 26 %, 82.65 W, 944 MiB
2026/02/15 20:20:39.135, 98 %, 27 %, 82.51 W, 944 MiB
2026/02/15 20:20:41.135, 98 %, 26 %, 82.41 W, 944 MiB
2026/02/15 20:20:43.136, 98 %, 26 %, 82.49 W, 944 MiB
2026/02/15 20:20:45.136, 98 %, 26 %, 82.51 W, 944 MiB
2026/02/15 20:20:47.136, 98 %, 26 %, 82.61 W, 944 MiB
2026/02/15 20:20:49.136, 92 %, 24 %, 41.02 W, 932 MiB
2026/02/15 20:20:51.137, 98 %, 26 %, 82.06 W, 932 MiB
2026/02/15 20:20:53.137, 98 %, 26 %, 82.12 W, 932 MiB
2026/02/15 20:20:55.137, 98 %, 26 %, 82.11 W, 932 MiB
2026/02/15 20:20:57.137, 98 %, 26 %, 82.11 W, 932 MiB
2026/02/15 20:20:59.138, 98 %, 26 %, 82.08 W, 932 MiB
2026/02/15 20:21:01.138, 98 %, 26 %, 82.15 W, 932 MiB
2026/02/15 20:21:03.138, 98 %, 26 %, 82.04 W, 932 MiB
2026/02/15 20:21:05.138, 98 %, 26 %, 82.14 W, 932 MiB
2026/02/15 20:21:07.139, 98 %, 26 %, 82.11 W, 932 MiB
2026/02/15 20:21:09.139, 98 %, 26 %, 82.11 W, 932 MiB
2026/02/15 20:21:11.139, 98 %, 26 %, 82.21 W, 932 MiB
2026/02/15 20:21:13.139, 98 %, 26 %, 82.06 W, 932 MiB
2026/02/15 20:21:15.140, 98 %, 26 %, 82.05 W, 932 MiB
2026/02/15 20:21:17.140, 98 %, 26 %, 82.08 W, 932 MiB
2026/02/15 20:21:19.140, 98 %, 26 %, 82.05 W, 932 MiB
2026/02/15 20:21:21.140, 98 %, 26 %, 82.06 W, 932 MiB
2026/02/15 20:21:23.140, 98 %, 26 %, 82.02 W, 932 MiB
2026/02/15 20:21:25.141, 98 %, 26 %, 82.05 W, 932 MiB
2026/02/15 20:21:27.141, 98 %, 26 %, 82.01 W, 932 MiB
2026/02/15 20:21:29.141, 98 %, 25 %, 57.54 W, 920 MiB
2026/02/15 20:21:31.142, 98 %, 25 %, 81.44 W, 920 MiB
2026/02/15 20:21:33.142, 98 %, 25 %, 81.52 W, 920 MiB
2026/02/15 20:21:35.142, 98 %, 25 %, 81.41 W, 920 MiB
2026/02/15 20:21:37.143, 98 %, 25 %, 81.35 W, 920 MiB
2026/02/15 20:21:39.143, 97 %, 25 %, 81.34 W, 920 MiB
2026/02/15 20:21:41.143, 98 %, 25 %, 81.33 W, 924 MiB
2026/02/15 20:21:43.143, 98 %, 25 %, 81.29 W, 923 MiB
2026/02/15 20:21:45.144, 98 %, 25 %, 81.29 W, 923 MiB
2026/02/15 20:21:47.144, 98 %, 25 %, 81.17 W, 920 MiB
2026/02/15 20:21:49.144, 98 %, 25 %, 81.12 W, 933 MiB
2026/02/15 20:21:51.144, 98 %, 25 %, 81.20 W, 927 MiB
2026/02/15 20:21:53.145, 98 %, 25 %, 81.34 W, 922 MiB
2026/02/15 20:21:55.145, 98 %, 25 %, 81.31 W, 917 MiB
2026/02/15 20:21:57.145, 98 %, 25 %, 81.22 W, 917 MiB
2026/02/15 20:21:59.145, 98 %, 25 %, 81.24 W, 917 MiB
2026/02/15 20:22:01.145, 98 %, 25 %, 81.25 W, 917 MiB
2026/02/15 20:22:03.146, 98 %, 25 %, 81.21 W, 917 MiB
2026/02/15 20:22:05.146, 6 %, 1 %, 39.27 W, 905 MiB
2026/02/15 20:22:07.146, 97 %, 24 %, 80.32 W, 905 MiB
2026/02/15 20:22:09.146, 97 %, 24 %, 80.28 W, 905 MiB
2026/02/15 20:22:11.147, 97 %, 24 %, 80.23 W, 905 MiB
2026/02/15 20:22:13.147, 97 %, 24 %, 80.29 W, 905 MiB
2026/02/15 20:22:15.147, 97 %, 24 %, 80.29 W, 905 MiB
2026/02/15 20:22:17.147, 97 %, 24 %, 80.29 W, 905 MiB
2026/02/15 20:22:19.148, 97 %, 24 %, 80.30 W, 905 MiB
2026/02/15 20:22:21.148, 97 %, 24 %, 80.24 W, 905 MiB
2026/02/15 20:22:23.148, 97 %, 24 %, 80.29 W, 905 MiB
2026/02/15 20:22:25.148, 97 %, 24 %, 80.21 W, 905 MiB
2026/02/15 20:22:27.149, 97 %, 24 %, 80.26 W, 905 MiB
2026/02/15 20:22:29.149, 97 %, 24 %, 80.30 W, 905 MiB
2026/02/15 20:22:31.149, 97 %, 24 %, 80.24 W, 905 MiB
2026/02/15 20:22:33.150, 97 %, 24 %, 80.31 W, 905 MiB
2026/02/15 20:22:35.150, 97 %, 24 %, 80.30 W, 905 MiB
2026/02/15 20:22:37.150, 34 %, 7 %, 77.85 W, 905 MiB
2026/02/15 20:22:39.150, 97 %, 23 %, 73.80 W, 897 MiB
2026/02/15 20:22:41.151, 97 %, 23 %, 79.72 W, 897 MiB
2026/02/15 20:22:43.151, 97 %, 23 %, 79.72 W, 897 MiB
2026/02/15 20:22:45.151, 97 %, 23 %, 79.64 W, 897 MiB
2026/02/15 20:22:47.152, 97 %, 23 %, 79.64 W, 897 MiB
2026/02/15 20:22:49.152, 97 %, 23 %, 79.61 W, 897 MiB
2026/02/15 20:22:51.152, 97 %, 23 %, 79.76 W, 897 MiB
2026/02/15 20:22:53.152, 97 %, 23 %, 79.82 W, 897 MiB
2026/02/15 20:22:55.153, 97 %, 23 %, 79.72 W, 897 MiB
2026/02/15 20:22:57.153, 97 %, 23 %, 79.74 W, 897 MiB
2026/02/15 20:22:59.153, 97 %, 23 %, 79.81 W, 897 MiB
2026/02/15 20:23:01.154, 97 %, 23 %, 79.80 W, 897 MiB
2026/02/15 20:23:03.154, 97 %, 23 %, 79.76 W, 897 MiB
2026/02/15 20:23:05.154, 97 %, 23 %, 79.65 W, 897 MiB
2026/02/15 20:23:07.154, 97 %, 23 %, 79.72 W, 897 MiB
2026/02/15 20:23:09.155, 97 %, 22 %, 50.90 W, 890 MiB
2026/02/15 20:23:11.155, 97 %, 22 %, 79.08 W, 890 MiB
2026/02/15 20:23:13.155, 97 %, 22 %, 79.06 W, 890 MiB
2026/02/15 20:23:15.156, 97 %, 22 %, 78.93 W, 890 MiB
2026/02/15 20:23:17.156, 97 %, 22 %, 78.92 W, 890 MiB
2026/02/15 20:23:19.156, 97 %, 22 %, 78.98 W, 890 MiB
2026/02/15 20:23:21.156, 97 %, 22 %, 79.08 W, 890 MiB
2026/02/15 20:23:23.156, 97 %, 22 %, 78.99 W, 890 MiB
2026/02/15 20:23:25.157, 97 %, 22 %, 78.97 W, 890 MiB
2026/02/15 20:23:27.157, 97 %, 22 %, 78.90 W, 890 MiB
2026/02/15 20:23:29.157, 97 %, 22 %, 79.02 W, 890 MiB
2026/02/15 20:23:31.157, 97 %, 22 %, 79.00 W, 890 MiB
2026/02/15 20:23:33.158, 97 %, 22 %, 79.00 W, 890 MiB
2026/02/15 20:23:35.158, 97 %, 22 %, 79.02 W, 890 MiB
2026/02/15 20:23:37.158, 28 %, 6 %, 42.74 W, 879 MiB
2026/02/15 20:23:39.158, 97 %, 21 %, 77.82 W, 879 MiB
2026/02/15 20:23:41.158, 96 %, 21 %, 77.70 W, 879 MiB
2026/02/15 20:23:43.159, 96 %, 21 %, 77.82 W, 879 MiB
2026/02/15 20:23:45.159, 96 %, 21 %, 77.75 W, 879 MiB
2026/02/15 20:23:47.159, 96 %, 21 %, 77.88 W, 879 MiB
2026/02/15 20:23:49.160, 97 %, 21 %, 77.76 W, 879 MiB
2026/02/15 20:23:51.160, 96 %, 20 %, 77.72 W, 879 MiB
2026/02/15 20:23:53.160, 96 %, 21 %, 77.71 W, 879 MiB
2026/02/15 20:23:55.160, 96 %, 20 %, 77.64 W, 879 MiB
2026/02/15 20:23:57.161, 96 %, 21 %, 77.71 W, 879 MiB
2026/02/15 20:23:59.161, 96 %, 21 %, 77.66 W, 879 MiB
2026/02/15 20:24:01.161, 6 %, 1 %, 58.38 W, 866 MiB
2026/02/15 20:24:03.161, 96 %, 19 %, 75.89 W, 866 MiB
2026/02/15 20:24:05.161, 96 %, 19 %, 75.82 W, 866 MiB
2026/02/15 20:24:07.162, 96 %, 19 %, 75.85 W, 866 MiB
2026/02/15 20:24:09.162, 96 %, 19 %, 75.92 W, 866 MiB
2026/02/15 20:24:11.162, 96 %, 19 %, 75.96 W, 866 MiB
2026/02/15 20:24:13.162, 96 %, 19 %, 76.03 W, 866 MiB
2026/02/15 20:24:15.163, 96 %, 18 %, 76.02 W, 866 MiB
2026/02/15 20:24:17.163, 95 %, 18 %, 75.91 W, 866 MiB
2026/02/15 20:24:19.163, 95 %, 18 %, 75.78 W, 866 MiB
2026/02/15 20:24:21.163, 8 %, 1 %, 72.33 W, 866 MiB
2026/02/15 20:24:23.164, 95 %, 16 %, 72.81 W, 853 MiB
2026/02/15 20:24:25.164, 95 %, 16 %, 72.86 W, 853 MiB
2026/02/15 20:24:27.164, 94 %, 15 %, 72.75 W, 853 MiB
2026/02/15 20:24:29.165, 95 %, 16 %, 72.73 W, 867 MiB
2026/02/15 20:24:31.165, 95 %, 16 %, 72.80 W, 864 MiB
2026/02/15 20:24:33.165, 95 %, 16 %, 72.79 W, 860 MiB
2026/02/15 20:24:35.165, 95 %, 16 %, 72.78 W, 856 MiB
2026/02/15 20:24:37.166, 94 %, 16 %, 72.90 W, 856 MiB
2026/02/15 20:24:39.166, 94 %, 14 %, 63.05 W, 846 MiB
2026/02/15 20:24:41.166, 94 %, 14 %, 69.58 W, 846 MiB
2026/02/15 20:24:43.167, 94 %, 14 %, 69.80 W, 846 MiB
2026/02/15 20:24:45.167, 93 %, 13 %, 69.58 W, 846 MiB
2026/02/15 20:24:47.167, 94 %, 14 %, 69.70 W, 846 MiB
2026/02/15 20:24:49.167, 94 %, 14 %, 69.81 W, 846 MiB
2026/02/15 20:24:51.168, 94 %, 14 %, 69.73 W, 846 MiB
2026/02/15 20:24:53.168, 93 %, 11 %, 54.41 W, 843 MiB
2026/02/15 20:24:55.168, 93 %, 11 %, 65.90 W, 843 MiB
2026/02/15 20:24:57.168, 93 %, 10 %, 65.82 W, 843 MiB
2026/02/15 20:24:59.169, 93 %, 10 %, 65.84 W, 843 MiB
2026/02/15 20:25:01.169, 93 %, 11 %, 65.78 W, 843 MiB
2026/02/15 20:25:03.169, 93 %, 11 %, 65.81 W, 843 MiB
2026/02/15 20:25:05.170, 92 %, 8 %, 52.18 W, 843 MiB
2026/02/15 20:25:07.170, 92 %, 8 %, 62.11 W, 843 MiB
2026/02/15 20:25:09.170, 92 %, 7 %, 62.00 W, 843 MiB
2026/02/15 20:25:11.170, 92 %, 8 %, 62.00 W, 843 MiB
2026/02/15 20:25:13.171, 92 %, 8 %, 61.86 W, 843 MiB
2026/02/15 20:25:15.171, 6 %, 1 %, 58.77 W, 843 MiB
2026/02/15 20:25:17.171, 92 %, 5 %, 55.37 W, 843 MiB
2026/02/15 20:25:19.171, 92 %, 5 %, 55.45 W, 843 MiB
2026/02/15 20:25:21.172, 92 %, 5 %, 55.35 W, 843 MiB
2026/02/15 20:25:23.172, 92 %, 5 %, 55.38 W, 843 MiB
2026/02/15 20:25:25.172, 92 %, 5 %, 55.39 W, 843 MiB
2026/02/15 20:25:27.172, 91 %, 4 %, 53.50 W, 843 MiB
2026/02/15 20:25:29.173, 91 %, 4 %, 53.48 W, 843 MiB
2026/02/15 20:25:31.173, 91 %, 4 %, 53.60 W, 843 MiB
2026/02/15 20:25:33.173, 91 %, 4 %, 53.53 W, 843 MiB
2026/02/15 20:25:35.174, 91 %, 4 %, 53.51 W, 843 MiB
2026/02/15 20:25:37.174, 90 %, 2 %, 52.58 W, 843 MiB
2026/02/15 20:25:39.174, 91 %, 2 %, 52.53 W, 843 MiB
2026/02/15 20:25:41.174, 90 %, 2 %, 52.61 W, 843 MiB
2026/02/15 20:25:43.174, 90 %, 2 %, 52.63 W, 843 MiB
2026/02/15 20:25:45.175, 90 %, 2 %, 52.51 W, 843 MiB
2026/02/15 20:25:47.175, 89 %, 2 %, 51.43 W, 843 MiB
2026/02/15 20:25:49.175, 89 %, 1 %, 51.44 W, 843 MiB
2026/02/15 20:25:51.176, 88 %, 1 %, 51.37 W, 843 MiB
2026/02/15 20:25:53.176, 87 %, 2 %, 51.18 W, 843 MiB
2026/02/15 20:25:55.176, 89 %, 2 %, 51.38 W, 843 MiB
2026/02/15 20:25:57.176, 86 %, 1 %, 49.08 W, 843 MiB
2026/02/15 20:25:59.176, 86 %, 1 %, 49.22 W, 843 MiB
2026/02/15 20:26:01.177, 87 %, 1 %, 49.23 W, 843 MiB
2026/02/15 20:26:03.177, 86 %, 1 %, 49.22 W, 843 MiB
2026/02/15 20:26:05.177, 85 %, 1 %, 49.10 W, 843 MiB
2026/02/15 20:26:07.177, 86 %, 1 %, 48.00 W, 843 MiB
2026/02/15 20:26:09.178, 86 %, 1 %, 47.92 W, 843 MiB
2026/02/15 20:26:11.178, 85 %, 1 %, 47.12 W, 843 MiB
2026/02/15 20:26:13.178, 84 %, 1 %, 47.02 W, 843 MiB
2026/02/15 20:26:15.178, 54 %, 1 %, 47.01 W, 843 MiB
2026/02/15 20:26:17.179, 85 %, 1 %, 47.19 W, 843 MiB
2026/02/15 20:26:19.179, 84 %, 1 %, 47.10 W, 843 MiB
2026/02/15 20:26:21.179, 85 %, 1 %, 47.34 W, 843 MiB
2026/02/15 20:26:23.179, 85 %, 1 %, 47.33 W, 843 MiB
2026/02/15 20:26:25.180, 85 %, 1 %, 47.15 W, 843 MiB
2026/02/15 20:26:27.180, 84 %, 1 %, 47.40 W, 843 MiB
2026/02/15 20:26:29.180, 86 %, 1 %, 47.38 W, 843 MiB
2026/02/15 20:26:31.180, 84 %, 1 %, 47.64 W, 843 MiB
2026/02/15 20:26:33.181, 84 %, 1 %, 47.40 W, 843 MiB
2026/02/15 20:26:35.181, 85 %, 1 %, 47.02 W, 843 MiB
2026/02/15 20:26:37.181, 84 %, 1 %, 47.33 W, 843 MiB
2026/02/15 20:26:39.181, 85 %, 1 %, 47.60 W, 843 MiB
2026/02/15 20:26:41.181, 86 %, 1 %, 47.54 W, 838 MiB
2026/02/15 20:26:43.182, 85 %, 1 %, 47.74 W, 838 MiB
2026/02/15 20:26:45.182, 85 %, 1 %, 47.63 W, 838 MiB
2026/02/15 20:26:47.182, 85 %, 1 %, 47.57 W, 838 MiB
2026/02/15 20:26:49.182, 84 %, 1 %, 47.56 W, 838 MiB
2026/02/15 20:26:51.183, 85 %, 1 %, 47.55 W, 838 MiB
2026/02/15 20:26:53.183, 85 %, 1 %, 47.60 W, 838 MiB
2026/02/15 20:26:55.183, 86 %, 1 %, 47.61 W, 838 MiB
2026/02/15 20:26:57.183, 85 %, 1 %, 47.77 W, 838 MiB
2026/02/15 20:26:59.183, 84 %, 1 %, 47.85 W, 838 MiB
2026/02/15 20:27:01.184, 85 %, 1 %, 47.74 W, 838 MiB
2026/02/15 20:27:03.184, 85 %, 1 %, 47.86 W, 838 MiB
2026/02/15 20:27:05.184, 84 %, 1 %, 47.88 W, 838 MiB
2026/02/15 20:27:07.184, 85 %, 1 %, 47.97 W, 838 MiB
2026/02/15 20:27:09.185, 85 %, 1 %, 47.87 W, 838 MiB
2026/02/15 20:27:11.185, 84 %, 1 %, 47.98 W, 838 MiB
2026/02/15 20:27:13.185, 85 %, 1 %, 47.97 W, 838 MiB
2026/02/15 20:27:15.185, 85 %, 1 %, 48.19 W, 838 MiB
2026/02/15 20:27:17.186, 85 %, 1 %, 48.33 W, 838 MiB
2026/02/15 20:27:19.186, 85 %, 1 %, 48.33 W, 838 MiB
2026/02/15 20:27:21.186, 85 %, 1 %, 48.34 W, 838 MiB
2026/02/15 20:27:23.186, 85 %, 1 %, 48.38 W, 838 MiB
2026/02/15 20:27:25.186, 85 %, 1 %, 48.63 W, 838 MiB
2026/02/15 20:27:27.187, 86 %, 1 %, 48.54 W, 838 MiB
2026/02/15 20:27:29.187, 85 %, 1 %, 48.53 W, 838 MiB
2026/02/15 20:27:31.187, 85 %, 1 %, 48.54 W, 774 MiB
2026/02/15 20:27:33.187, 85 %, 1 %, 48.53 W, 774 MiB
2026/02/15 20:27:35.188, 86 %, 1 %, 48.50 W, 774 MiB
2026/02/15 20:27:37.188, 85 %, 1 %, 48.60 W, 774 MiB
2026/02/15 20:27:39.188, 85 %, 1 %, 48.54 W, 774 MiB
2026/02/15 20:27:41.188, 85 %, 1 %, 48.69 W, 774 MiB
2026/02/15 20:27:43.188, 84 %, 1 %, 48.98 W, 774 MiB
2026/02/15 20:27:45.189, 85 %, 1 %, 49.00 W, 774 MiB
2026/02/15 20:27:47.189, 85 %, 1 %, 48.92 W, 774 MiB
2026/02/15 20:27:49.189, 85 %, 1 %, 49.07 W, 774 MiB
2026/02/15 20:27:51.190, 84 %, 1 %, 48.92 W, 774 MiB
2026/02/15 20:27:53.190, 85 %, 1 %, 49.05 W, 774 MiB
2026/02/15 20:27:55.190, 85 %, 1 %, 48.99 W, 774 MiB
2026/02/15 20:27:57.190, 85 %, 1 %, 49.06 W, 774 MiB
2026/02/15 20:27:59.190, 85 %, 1 %, 48.99 W, 774 MiB
2026/02/15 20:28:01.191, 85 %, 1 %, 48.97 W, 774 MiB
2026/02/15 20:28:03.191, 85 %, 1 %, 48.94 W, 774 MiB
2026/02/15 20:28:05.191, 85 %, 1 %, 49.04 W, 774 MiB
2026/02/15 20:28:07.192, 85 %, 1 %, 48.96 W, 774 MiB
2026/02/15 20:28:09.192, 82 %, 1 %, 48.98 W, 787 MiB
2026/02/15 20:28:11.192, 81 %, 1 %, 48.63 W, 785 MiB
2026/02/15 20:28:13.192, 83 %, 1 %, 48.67 W, 785 MiB
2026/02/15 20:28:15.192, 80 %, 0 %, 48.35 W, 789 MiB
2026/02/15 20:28:17.193, 73 %, 1 %, 48.60 W, 791 MiB
2026/02/15 20:28:19.193, 81 %, 1 %, 48.74 W, 787 MiB
2026/02/15 20:28:21.193, 84 %, 1 %, 48.83 W, 780 MiB
2026/02/15 20:28:23.193, 85 %, 1 %, 49.20 W, 780 MiB
2026/02/15 20:28:25.194, 85 %, 1 %, 49.25 W, 780 MiB
2026/02/15 20:28:27.194, 85 %, 1 %, 49.38 W, 780 MiB
2026/02/15 20:28:29.194, 85 %, 1 %, 49.37 W, 780 MiB
2026/02/15 20:28:31.194, 85 %, 1 %, 49.28 W, 780 MiB
2026/02/15 20:28:33.194, 84 %, 1 %, 49.02 W, 780 MiB
2026/02/15 20:28:35.195, 85 %, 1 %, 49.34 W, 780 MiB
2026/02/15 20:28:37.195, 83 %, 1 %, 49.32 W, 780 MiB
2026/02/15 20:28:39.195, 86 %, 1 %, 49.04 W, 780 MiB
2026/02/15 20:28:41.195, 83 %, 1 %, 48.93 W, 780 MiB
2026/02/15 20:28:43.196, 84 %, 1 %, 48.82 W, 780 MiB
2026/02/15 20:28:45.196, 82 %, 1 %, 48.87 W, 780 MiB
2026/02/15 20:28:47.196, 85 %, 1 %, 49.55 W, 780 MiB
2026/02/15 20:28:49.196, 86 %, 1 %, 49.61 W, 780 MiB
2026/02/15 20:28:51.196, 85 %, 1 %, 49.66 W, 780 MiB
2026/02/15 20:28:53.197, 85 %, 1 %, 49.68 W, 780 MiB
2026/02/15 20:28:55.197, 85 %, 1 %, 49.70 W, 780 MiB
2026/02/15 20:28:57.197, 85 %, 1 %, 49.68 W, 780 MiB
2026/02/15 20:28:59.197, 85 %, 1 %, 49.54 W, 780 MiB
2026/02/15 20:29:01.198, 85 %, 1 %, 49.81 W, 780 MiB
2026/02/15 20:29:03.198, 86 %, 1 %, 49.86 W, 780 MiB
2026/02/15 20:29:05.198, 85 %, 1 %, 49.86 W, 780 MiB
2026/02/15 20:29:07.198, 84 %, 1 %, 49.76 W, 780 MiB
2026/02/15 20:29:09.199, 85 %, 1 %, 49.82 W, 780 MiB
2026/02/15 20:29:11.201, 84 %, 1 %, 50.06 W, 780 MiB
2026/02/15 20:29:13.201, 86 %, 1 %, 49.90 W, 780 MiB
2026/02/15 20:29:15.201, 85 %, 1 %, 49.88 W, 780 MiB
2026/02/15 20:29:17.201, 85 %, 1 %, 49.93 W, 780 MiB
2026/02/15 20:29:19.202, 85 %, 1 %, 49.93 W, 780 MiB
2026/02/15 20:29:21.202, 85 %, 1 %, 49.91 W, 780 MiB
2026/02/15 20:29:23.202, 85 %, 1 %, 50.11 W, 780 MiB
2026/02/15 20:29:25.202, 85 %, 1 %, 49.99 W, 780 MiB
2026/02/15 20:29:27.203, 85 %, 1 %, 49.86 W, 780 MiB
2026/02/15 20:29:29.203, 85 %, 1 %, 49.86 W, 780 MiB
2026/02/15 20:29:31.203, 85 %, 1 %, 49.82 W, 780 MiB
2026/02/15 20:29:33.203, 85 %, 1 %, 49.82 W, 780 MiB
2026/02/15 20:29:35.204, 84 %, 1 %, 49.67 W, 780 MiB
2026/02/15 20:29:37.204, 85 %, 1 %, 49.66 W, 780 MiB
2026/02/15 20:29:39.204, 85 %, 1 %, 49.63 W, 780 MiB
2026/02/15 20:29:41.204, 84 %, 1 %, 49.72 W, 780 MiB
2026/02/15 20:29:43.204, 85 %, 1 %, 49.73 W, 780 MiB
2026/02/15 20:29:45.205, 85 %, 1 %, 49.97 W, 780 MiB
2026/02/15 20:29:47.205, 86 %, 1 %, 50.04 W, 780 MiB
2026/02/15 20:29:49.205, 85 %, 1 %, 50.11 W, 780 MiB
2026/02/15 20:29:51.205, 85 %, 1 %, 50.11 W, 780 MiB
2026/02/15 20:29:53.206, 86 %, 1 %, 50.06 W, 780 MiB
2026/02/15 20:29:55.206, 84 %, 1 %, 50.08 W, 791 MiB
2026/02/15 20:29:57.206, 85 %, 1 %, 50.07 W, 790 MiB
2026/02/15 20:29:59.206, 85 %, 1 %, 49.87 W, 790 MiB
2026/02/15 20:30:01.207, 84 %, 1 %, 49.92 W, 799 MiB
2026/02/15 20:30:03.207, 85 %, 1 %, 49.85 W, 791 MiB
2026/02/15 20:30:05.207, 84 %, 1 %, 49.75 W, 791 MiB
2026/02/15 20:30:07.207, 84 %, 1 %, 49.87 W, 787 MiB
2026/02/15 20:30:09.207, 85 %, 1 %, 49.87 W, 787 MiB
2026/02/15 20:30:11.208, 85 %, 1 %, 49.97 W, 787 MiB
2026/02/15 20:30:13.208, 85 %, 1 %, 50.04 W, 787 MiB
2026/02/15 20:30:15.208, 85 %, 1 %, 50.03 W, 787 MiB
2026/02/15 20:30:17.208, 86 %, 1 %, 50.02 W, 787 MiB
2026/02/15 20:30:19.208, 85 %, 1 %, 50.00 W, 787 MiB
2026/02/15 20:30:21.209, 84 %, 1 %, 49.98 W, 787 MiB
2026/02/15 20:30:23.209, 85 %, 1 %, 49.99 W, 787 MiB
2026/02/15 20:30:25.209, 85 %, 1 %, 50.08 W, 787 MiB
2026/02/15 20:30:27.209, 85 %, 1 %, 50.14 W, 787 MiB
2026/02/15 20:30:29.210, 84 %, 1 %, 50.04 W, 787 MiB
2026/02/15 20:30:31.210, 86 %, 1 %, 50.10 W, 787 MiB
2026/02/15 20:30:33.210, 85 %, 1 %, 50.01 W, 787 MiB
2026/02/15 20:30:35.211, 84 %, 1 %, 50.00 W, 787 MiB
2026/02/15 20:30:37.211, 86 %, 1 %, 50.08 W, 787 MiB
2026/02/15 20:30:39.211, 85 %, 1 %, 49.94 W, 787 MiB
2026/02/15 20:30:41.211, 85 %, 1 %, 50.02 W, 787 MiB
2026/02/15 20:30:43.212, 85 %, 1 %, 49.94 W, 787 MiB
2026/02/15 20:30:45.212, 85 %, 1 %, 50.09 W, 787 MiB
2026/02/15 20:30:47.212, 85 %, 1 %, 50.09 W, 787 MiB
2026/02/15 20:30:49.213, 85 %, 1 %, 50.11 W, 787 MiB
2026/02/15 20:30:51.213, 85 %, 1 %, 50.10 W, 787 MiB
2026/02/15 20:30:53.213, 84 %, 1 %, 49.88 W, 787 MiB
2026/02/15 20:30:55.213, 85 %, 1 %, 50.14 W, 787 MiB
2026/02/15 20:30:57.214, 85 %, 1 %, 50.33 W, 787 MiB
2026/02/15 20:30:59.214, 85 %, 1 %, 50.27 W, 787 MiB
2026/02/15 20:31:01.214, 85 %, 1 %, 50.29 W, 787 MiB
2026/02/15 20:31:03.214, 85 %, 1 %, 50.07 W, 787 MiB
2026/02/15 20:31:05.215, 82 %, 1 %, 49.93 W, 787 MiB
2026/02/15 20:31:07.215, 85 %, 1 %, 50.13 W, 787 MiB
2026/02/15 20:31:09.215, 85 %, 1 %, 50.23 W, 787 MiB
2026/02/15 20:31:11.216, 85 %, 1 %, 50.15 W, 787 MiB
2026/02/15 20:31:13.216, 85 %, 1 %, 50.21 W, 787 MiB
2026/02/15 20:31:15.216, 85 %, 1 %, 50.22 W, 787 MiB
2026/02/15 20:31:17.216, 85 %, 1 %, 50.23 W, 787 MiB
2026/02/15 20:31:19.217, 85 %, 1 %, 50.26 W, 787 MiB
2026/02/15 20:31:21.217, 85 %, 1 %, 50.25 W, 787 MiB
2026/02/15 20:31:23.217, 85 %, 1 %, 50.32 W, 787 MiB
2026/02/15 20:31:25.218, 84 %, 1 %, 50.26 W, 797 MiB
2026/02/15 20:31:27.218, 85 %, 1 %, 50.35 W, 792 MiB
2026/02/15 20:31:29.218, 86 %, 1 %, 50.34 W, 791 MiB
2026/02/15 20:31:31.218, 86 %, 1 %, 50.24 W, 785 MiB
2026/02/15 20:31:33.219, 85 %, 1 %, 50.55 W, 785 MiB
2026/02/15 20:31:35.219, 85 %, 1 %, 50.33 W, 785 MiB
2026/02/15 20:31:37.219, 85 %, 1 %, 50.41 W, 785 MiB
2026/02/15 20:31:39.220, 86 %, 1 %, 50.38 W, 785 MiB
2026/02/15 20:31:41.220, 85 %, 1 %, 50.21 W, 781 MiB
2026/02/15 20:31:43.220, 85 %, 1 %, 50.34 W, 781 MiB
2026/02/15 20:31:45.221, 85 %, 1 %, 50.37 W, 781 MiB
2026/02/15 20:31:47.221, 85 %, 1 %, 50.20 W, 781 MiB
2026/02/15 20:31:49.221, 86 %, 1 %, 50.32 W, 781 MiB
2026/02/15 20:31:51.222, 86 %, 1 %, 50.22 W, 781 MiB
2026/02/15 20:31:53.222, 85 %, 1 %, 50.28 W, 781 MiB
2026/02/15 20:31:55.222, 85 %, 1 %, 50.23 W, 781 MiB
2026/02/15 20:31:57.223, 85 %, 1 %, 50.17 W, 781 MiB
2026/02/15 20:31:59.223, 85 %, 1 %, 50.22 W, 781 MiB
2026/02/15 20:32:01.224, 85 %, 1 %, 50.30 W, 781 MiB
2026/02/15 20:32:03.224, 85 %, 1 %, 50.24 W, 781 MiB
2026/02/15 20:32:05.224, 85 %, 1 %, 50.15 W, 781 MiB
2026/02/15 20:32:07.224, 86 %, 1 %, 50.33 W, 781 MiB
2026/02/15 20:32:09.225, 86 %, 1 %, 50.22 W, 781 MiB
2026/02/15 20:32:11.225, 84 %, 1 %, 50.18 W, 781 MiB
2026/02/15 20:32:13.225, 86 %, 1 %, 50.31 W, 781 MiB
2026/02/15 20:32:15.225, 85 %, 1 %, 50.35 W, 781 MiB
2026/02/15 20:32:17.226, 86 %, 1 %, 50.29 W, 781 MiB
2026/02/15 20:32:19.226, 85 %, 1 %, 50.19 W, 781 MiB
2026/02/15 20:32:21.226, 85 %, 1 %, 50.19 W, 781 MiB
2026/02/15 20:32:23.227, 86 %, 1 %, 50.40 W, 781 MiB
2026/02/15 20:32:25.227, 85 %, 1 %, 50.70 W, 781 MiB
2026/02/15 20:32:27.227, 85 %, 1 %, 50.62 W, 781 MiB
2026/02/15 20:32:29.228, 85 %, 1 %, 50.59 W, 781 MiB
2026/02/15 20:32:31.228, 85 %, 1 %, 50.57 W, 781 MiB
2026/02/15 20:32:33.228, 85 %, 1 %, 50.65 W, 781 MiB
2026/02/15 20:32:35.228, 85 %, 1 %, 50.77 W, 781 MiB
2026/02/15 20:32:37.228, 86 %, 1 %, 50.75 W, 781 MiB
2026/02/15 20:32:39.229, 82 %, 1 %, 50.72 W, 781 MiB
2026/02/15 20:32:41.229, 84 %, 1 %, 50.70 W, 781 MiB
2026/02/15 20:32:43.229, 85 %, 1 %, 50.69 W, 781 MiB
2026/02/15 20:32:45.229, 84 %, 1 %, 50.54 W, 781 MiB
2026/02/15 20:32:47.229, 85 %, 1 %, 50.49 W, 781 MiB
2026/02/15 20:32:49.230, 85 %, 1 %, 50.62 W, 781 MiB
2026/02/15 20:32:51.230, 85 %, 1 %, 50.59 W, 781 MiB
2026/02/15 20:32:53.230, 85 %, 1 %, 50.75 W, 781 MiB
2026/02/15 20:32:55.230, 84 %, 1 %, 50.74 W, 781 MiB
2026/02/15 20:32:57.231, 85 %, 1 %, 50.52 W, 781 MiB
2026/02/15 20:32:59.231, 84 %, 1 %, 50.66 W, 781 MiB
2026/02/15 20:33:01.231, 86 %, 1 %, 50.65 W, 781 MiB
2026/02/15 20:33:03.231, 85 %, 1 %, 50.62 W, 781 MiB
2026/02/15 20:33:05.231, 86 %, 1 %, 50.70 W, 781 MiB
2026/02/15 20:33:07.232, 85 %, 1 %, 50.62 W, 781 MiB
2026/02/15 20:33:09.232, 84 %, 1 %, 50.61 W, 781 MiB
2026/02/15 20:33:11.232, 84 %, 1 %, 50.60 W, 781 MiB
2026/02/15 20:33:13.232, 85 %, 1 %, 50.62 W, 781 MiB
2026/02/15 20:33:15.233, 85 %, 1 %, 50.71 W, 783 MiB
2026/02/15 20:33:17.233, 85 %, 1 %, 50.73 W, 783 MiB
2026/02/15 20:33:19.233, 85 %, 1 %, 50.66 W, 783 MiB
2026/02/15 20:33:21.233, 85 %, 1 %, 50.76 W, 783 MiB
2026/02/15 20:33:23.233, 85 %, 1 %, 50.70 W, 783 MiB
2026/02/15 20:33:25.234, 85 %, 1 %, 50.62 W, 783 MiB
2026/02/15 20:33:27.234, 85 %, 1 %, 50.72 W, 783 MiB
2026/02/15 20:33:29.234, 84 %, 1 %, 50.70 W, 783 MiB
2026/02/15 20:33:31.234, 84 %, 1 %, 50.80 W, 783 MiB
2026/02/15 20:33:33.235, 84 %, 1 %, 50.69 W, 783 MiB
2026/02/15 20:33:35.235, 85 %, 1 %, 50.71 W, 783 MiB
2026/02/15 20:33:37.235, 86 %, 1 %, 50.82 W, 783 MiB
2026/02/15 20:33:39.235, 85 %, 1 %, 50.65 W, 783 MiB
2026/02/15 20:33:41.236, 85 %, 1 %, 50.87 W, 783 MiB
2026/02/15 20:33:43.236, 85 %, 1 %, 50.92 W, 783 MiB
2026/02/15 20:33:45.236, 84 %, 1 %, 50.75 W, 783 MiB
2026/02/15 20:33:47.236, 84 %, 1 %, 50.81 W, 783 MiB
2026/02/15 20:33:49.237, 84 %, 1 %, 50.86 W, 783 MiB
2026/02/15 20:33:51.237, 84 %, 1 %, 50.72 W, 783 MiB
2026/02/15 20:33:53.237, 85 %, 1 %, 50.74 W, 783 MiB
2026/02/15 20:33:55.237, 85 %, 1 %, 50.74 W, 783 MiB
2026/02/15 20:33:57.237, 85 %, 1 %, 50.85 W, 783 MiB
2026/02/15 20:33:59.238, 85 %, 1 %, 50.90 W, 783 MiB
2026/02/15 20:34:01.238, 85 %, 1 %, 50.91 W, 783 MiB
2026/02/15 20:34:03.238, 74 %, 1 %, 50.72 W, 783 MiB
2026/02/15 20:34:05.238, 85 %, 1 %, 50.75 W, 783 MiB
2026/02/15 20:34:07.238, 85 %, 1 %, 50.83 W, 783 MiB
2026/02/15 20:34:09.239, 85 %, 1 %, 50.76 W, 783 MiB
2026/02/15 20:34:11.239, 85 %, 1 %, 50.79 W, 783 MiB
2026/02/15 20:34:13.239, 84 %, 1 %, 50.63 W, 783 MiB
2026/02/15 20:34:15.239, 85 %, 1 %, 50.81 W, 783 MiB
2026/02/15 20:34:17.239, 84 %, 1 %, 50.81 W, 783 MiB
2026/02/15 20:34:19.240, 84 %, 1 %, 50.75 W, 783 MiB
2026/02/15 20:34:21.240, 85 %, 1 %, 50.94 W, 783 MiB
2026/02/15 20:34:23.240, 85 %, 1 %, 50.83 W, 783 MiB
2026/02/15 20:34:25.240, 85 %, 1 %, 50.79 W, 783 MiB
2026/02/15 20:34:27.240, 84 %, 1 %, 50.91 W, 783 MiB
2026/02/15 20:34:29.241, 85 %, 1 %, 50.87 W, 783 MiB
2026/02/15 20:34:31.241, 85 %, 1 %, 50.84 W, 783 MiB
2026/02/15 20:34:33.241, 84 %, 1 %, 50.84 W, 783 MiB
2026/02/15 20:34:35.241, 84 %, 1 %, 50.82 W, 783 MiB
2026/02/15 20:34:37.241, 85 %, 1 %, 50.93 W, 783 MiB
2026/02/15 20:34:39.242, 85 %, 1 %, 50.82 W, 783 MiB
2026/02/15 20:34:41.242, 84 %, 1 %, 50.83 W, 783 MiB
2026/02/15 20:34:43.242, 84 %, 1 %, 50.88 W, 783 MiB
2026/02/15 20:34:45.242, 84 %, 1 %, 50.92 W, 783 MiB
2026/02/15 20:34:47.243, 85 %, 1 %, 50.90 W, 783 MiB
2026/02/15 20:34:49.243, 85 %, 1 %, 50.91 W, 783 MiB
2026/02/15 20:34:51.243, 85 %, 1 %, 50.94 W, 783 MiB
2026/02/15 20:34:53.244, 85 %, 1 %, 51.03 W, 783 MiB
2026/02/15 20:34:55.244, 84 %, 1 %, 50.92 W, 783 MiB
2026/02/15 20:34:57.244, 86 %, 1 %, 50.96 W, 783 MiB
2026/02/15 20:34:59.244, 85 %, 1 %, 50.94 W, 783 MiB
2026/02/15 20:35:01.244, 85 %, 1 %, 50.74 W, 783 MiB
2026/02/15 20:35:03.244, 84 %, 1 %, 50.83 W, 783 MiB
2026/02/15 20:35:05.245, 83 %, 1 %, 50.68 W, 783 MiB
2026/02/15 20:35:07.245, 84 %, 1 %, 50.66 W, 783 MiB
2026/02/15 20:35:09.245, 85 %, 1 %, 50.74 W, 783 MiB
2026/02/15 20:35:11.245, 84 %, 1 %, 50.66 W, 783 MiB
2026/02/15 20:35:13.245, 85 %, 1 %, 50.74 W, 783 MiB
2026/02/15 20:35:15.246, 85 %, 1 %, 50.80 W, 783 MiB
2026/02/15 20:35:17.246, 85 %, 1 %, 50.91 W, 783 MiB
2026/02/15 20:35:19.246, 85 %, 1 %, 50.96 W, 783 MiB
2026/02/15 20:35:21.246, 85 %, 1 %, 50.94 W, 783 MiB
2026/02/15 20:35:23.246, 84 %, 1 %, 50.80 W, 783 MiB
2026/02/15 20:35:25.247, 85 %, 1 %, 50.85 W, 783 MiB
2026/02/15 20:35:27.247, 84 %, 1 %, 50.87 W, 783 MiB
2026/02/15 20:35:29.247, 85 %, 1 %, 50.77 W, 783 MiB
2026/02/15 20:35:31.247, 86 %, 1 %, 50.92 W, 783 MiB
2026/02/15 20:35:33.248, 85 %, 1 %, 50.87 W, 783 MiB
2026/02/15 20:35:35.248, 85 %, 1 %, 50.83 W, 783 MiB
2026/02/15 20:35:37.248, 85 %, 1 %, 50.74 W, 783 MiB
2026/02/15 20:35:39.248, 86 %, 1 %, 50.62 W, 783 MiB
2026/02/15 20:35:41.249, 85 %, 1 %, 50.78 W, 783 MiB
2026/02/15 20:35:43.249, 85 %, 1 %, 50.75 W, 783 MiB
2026/02/15 20:35:45.249, 85 %, 1 %, 50.79 W, 783 MiB
2026/02/15 20:35:47.249, 85 %, 1 %, 50.85 W, 783 MiB
2026/02/15 20:35:49.249, 7 %, 1 %, 42.33 W, 522 MiB
2026/02/15 20:35:51.250, 8 %, 1 %, 30.94 W, 522 MiB
2026/02/15 20:35:53.250, 8 %, 1 %, 30.85 W, 522 MiB
2026/02/15 20:35:55.251, 8 %, 1 %, 30.67 W, 537 MiB
2026/02/15 20:35:57.251, 8 %, 1 %, 30.69 W, 534 MiB
2026/02/15 20:35:59.252, 8 %, 1 %, 30.56 W, 527 MiB
2026/02/15 20:36:01.252, 8 %, 1 %, 30.60 W, 527 MiB
2026/02/15 20:36:03.253, 7 %, 1 %, 30.61 W, 527 MiB
2026/02/15 20:36:05.253, 8 %, 1 %, 30.56 W, 527 MiB
2026/02/15 20:36:07.253, 8 %, 1 %, 30.53 W, 527 MiB
2026/02/15 20:36:09.254, 8 %, 1 %, 30.55 W, 527 MiB
2026/02/15 20:36:11.254, 8 %, 1 %, 30.45 W, 527 MiB
2026/02/15 20:36:13.255, 8 %, 1 %, 30.59 W, 527 MiB
2026/02/15 20:36:15.255, 8 %, 1 %, 30.46 W, 527 MiB
2026/02/15 20:36:17.256, 8 %, 1 %, 30.62 W, 527 MiB
2026/02/15 20:36:19.256, 8 %, 1 %, 30.44 W, 527 MiB
2026/02/15 20:36:21.256, 8 %, 1 %, 30.50 W, 527 MiB
2026/02/15 20:36:23.257, 8 %, 1 %, 30.44 W, 527 MiB
2026/02/15 20:36:25.257, 8 %, 1 %, 30.40 W, 527 MiB
2026/02/15 20:36:27.258, 8 %, 1 %, 30.54 W, 527 MiB
2026/02/15 20:36:29.258, 7 %, 1 %, 30.43 W, 527 MiB
2026/02/15 20:36:31.259, 8 %, 1 %, 30.40 W, 527 MiB
2026/02/15 20:36:33.259, 8 %, 1 %, 30.34 W, 527 MiB
2026/02/15 20:36:35.259, 7 %, 1 %, 30.41 W, 527 MiB
2026/02/15 20:36:37.260, 8 %, 1 %, 30.37 W, 527 MiB
2026/02/15 20:36:39.260, 8 %, 1 %, 30.25 W, 527 MiB
2026/02/15 20:36:41.261, 8 %, 1 %, 30.27 W, 518 MiB
2026/02/15 20:36:43.261, 8 %, 1 %, 30.31 W, 518 MiB
2026/02/15 20:36:45.261, 8 %, 1 %, 30.36 W, 518 MiB
2026/02/15 20:36:47.262, 8 %, 1 %, 30.17 W, 518 MiB
2026/02/15 20:36:49.262, 8 %, 1 %, 30.30 W, 518 MiB
2026/02/15 20:36:51.262, 8 %, 1 %, 30.31 W, 518 MiB
2026/02/15 20:36:53.263, 8 %, 1 %, 30.12 W, 518 MiB
2026/02/15 20:36:55.263, 8 %, 1 %, 30.17 W, 518 MiB
2026/02/15 20:36:57.264, 8 %, 1 %, 30.06 W, 518 MiB
2026/02/15 20:36:59.264, 8 %, 1 %, 30.02 W, 518 MiB
2026/02/15 20:37:01.264, 8 %, 1 %, 30.05 W, 518 MiB
2026/02/15 20:37:03.265, 8 %, 1 %, 30.05 W, 518 MiB
2026/02/15 20:37:05.265, 8 %, 1 %, 29.95 W, 518 MiB
2026/02/15 20:37:07.265, 8 %, 1 %, 30.06 W, 518 MiB
2026/02/15 20:37:09.266, 8 %, 1 %, 29.99 W, 518 MiB
2026/02/15 20:37:11.266, 8 %, 1 %, 30.00 W, 518 MiB
2026/02/15 20:37:13.267, 8 %, 1 %, 29.95 W, 518 MiB
2026/02/15 20:37:15.267, 8 %, 1 %, 29.97 W, 518 MiB
2026/02/15 20:37:17.267, 8 %, 1 %, 30.01 W, 518 MiB
2026/02/15 20:37:19.268, 8 %, 1 %, 30.08 W, 518 MiB
2026/02/15 20:37:21.268, 7 %, 1 %, 30.03 W, 518 MiB
2026/02/15 20:37:23.268, 8 %, 1 %, 29.97 W, 518 MiB
2026/02/15 20:37:25.269, 8 %, 1 %, 29.90 W, 518 MiB
2026/02/15 20:37:27.269, 8 %, 1 %, 29.90 W, 518 MiB
2026/02/15 20:37:29.270, 8 %, 1 %, 29.82 W, 518 MiB
2026/02/15 20:37:31.270, 8 %, 1 %, 29.77 W, 518 MiB
2026/02/15 20:37:33.270, 8 %, 1 %, 29.95 W, 518 MiB
2026/02/15 20:37:35.271, 8 %, 1 %, 29.80 W, 518 MiB
2026/02/15 20:37:37.271, 8 %, 1 %, 29.90 W, 518 MiB
2026/02/15 20:37:39.272, 9 %, 1 %, 29.92 W, 518 MiB
2026/02/15 20:37:41.272, 8 %, 1 %, 29.99 W, 518 MiB
2026/02/15 20:37:43.272, 8 %, 1 %, 30.00 W, 518 MiB
2026/02/15 20:37:45.273, 8 %, 1 %, 29.94 W, 518 MiB
2026/02/15 20:37:47.273, 7 %, 1 %, 29.94 W, 518 MiB
2026/02/15 20:37:49.274, 7 %, 1 %, 29.93 W, 518 MiB
2026/02/15 20:37:51.274, 8 %, 1 %, 29.83 W, 518 MiB
2026/02/15 20:37:53.274, 7 %, 1 %, 29.91 W, 518 MiB
2026/02/15 20:37:55.275, 8 %, 1 %, 29.97 W, 518 MiB
2026/02/15 20:37:57.275, 8 %, 1 %, 29.90 W, 518 MiB
2026/02/15 20:37:59.275, 8 %, 1 %, 29.93 W, 518 MiB
2026/02/15 20:38:01.276, 8 %, 1 %, 30.00 W, 518 MiB
2026/02/15 20:38:03.276, 8 %, 1 %, 29.96 W, 518 MiB
2026/02/15 20:38:05.276, 8 %, 1 %, 29.86 W, 518 MiB
2026/02/15 20:38:07.277, 8 %, 1 %, 29.85 W, 518 MiB
2026/02/15 20:38:09.277, 7 %, 1 %, 29.90 W, 518 MiB
2026/02/15 20:38:11.278, 6 %, 1 %, 29.77 W, 518 MiB
2026/02/15 20:38:13.278, 6 %, 1 %, 29.70 W, 518 MiB
2026/02/15 20:38:15.278, 6 %, 1 %, 29.86 W, 518 MiB
2026/02/15 20:38:17.278, 6 %, 1 %, 29.85 W, 528 MiB
2026/02/15 20:38:19.279, 7 %, 1 %, 29.91 W, 528 MiB
2026/02/15 20:38:21.279, 6 %, 1 %, 29.80 W, 528 MiB
2026/02/15 20:38:23.279, 7 %, 1 %, 28.92 W, 533 MiB
2026/02/15 20:38:25.279, 1 %, 0 %, 29.07 W, 537 MiB
2026/02/15 20:38:27.280, 6 %, 1 %, 29.66 W, 540 MiB
2026/02/15 20:38:29.280, 7 %, 1 %, 29.59 W, 531 MiB
2026/02/15 20:38:31.280, 1 %, 0 %, 28.91 W, 531 MiB
